ess;pro_nm;cld;tau;incref
02;1;02;0.9709237591622917;8
02;1;03;0.9446418752072618;8
02;1;04;1.0;8
02;1;05;0.9957115894528042;8
02;1;06;0.9188982173783643;8
02;1;07;1.0;8
02;1;08;0.9883797248583851;8
02;1;09;0.9966864815277019;8
02;1;10;1.0;8
02;1;11;1.0;8
02;1;12;1.015271850266558;8
02;1;13;1.0;8
02;1;14;1.0;8
02;1;15;1.0;8
02;1;16;1.0;8
02;1;17;1.0;8
02;1;18;1.0;8
02;1;19;1.0;8
02;1;14;1.0;8
02;1;17;1.0;8
02;3;02;1.0;8
02;3;03;1.0;8
02;3;04;1.0;8
02;3;05;1.0;8
02;3;06;1.0;8
02;3;07;1.0;8
02;3;08;1.0;8
02;3;09;1.0;8
02;3;10;1.0;8
02;3;11;1.0;8
02;3;12;1.0;8
02;3;13;1.0;8
02;2;02;0.9697453771263489;8
02;2;03;1.0054865139921176;8
02;2;04;0.994470389876014;8
02;2;05;1.0042409419002578;8
02;2;06;0.9955853211088307;8
02;2;07;0.9898635514109975;8
02;2;08;0.996096868058914;8
02;2;09;1.0030920061037087;8
02;2;10;0.9732075833580197;8
02;2;11;0.978019716617541;8
02;2;12;1.002515017850501;8
02;2;13;1.0;8
02;2;14;0.9860268655287433;8
02;2;15;0.9876832152005904;8
02;2;16;0.9992106392755824;8
02;2;17;0.9859387405877936;8
02;2;18;1.0;8
02;2;19;1.0;8
02;2;20;1.0;8
02;2;21;1.0;8
02;3;02;1.002266495522349;8
02;3;03;0.9986846067709453;8
02;3;04;0.997766155051825;8
02;3;05;1.0003358652485135;8
02;3;06;0.997449328918928;8
02;3;07;0.9992526679530604;8
02;3;08;0.9983734208307167;8
02;3;09;1.0002519815863906;8
02;3;10;0.9987145804727072;8
02;3;11;0.9976128290466093;8
02;3;12;1.0037065210964924;8
02;3;13;0.997931469750294;8
02;3;14;0.9976579856219179;8
02;3;15;1.0;8
02;3;16;0.9987853689347082;8
02;3;17;1.0;8
02;3;18;1.0364494268168145;8
02;3;19;0.9323706783976882;8
02;3;20;1.0;8
02;3;21;1.0;8
03;1;02;1.001649398033421;8
03;1;03;0.9921263145035085;8
03;1;04;0.9988872935975808;8
03;1;05;0.990551496909744;8
03;1;06;0.9792832810355387;8
03;1;07;1.0033438703982798;8
03;1;08;0.9934002340244656;8
03;1;09;1.0008241273547809;8
03;1;10;0.9972175873477338;8
03;1;11;1.0062445303814223;8
03;1;12;0.997068007496618;8
03;1;13;0.9982805308626934;8
03;1;14;1.0047910642961053;8
03;1;15;0.9542162369111588;8
03;1;16;1.0;8
03;1;17;1.0;8
03;1;18;1.0;8
03;1;20;1.0;8
03;1;21;1.0;8
03;3;03;1.0;8
03;3;04;1.0;8
03;3;05;1.0;8
03;3;06;1.0;8
03;3;07;1.0;8
03;2;02;0.9852734018108518;8
03;2;03;0.9745847754376024;8
03;2;04;0.9916626114721399;8
03;2;05;0.9960636289280986;8
03;2;06;1.00506482916715;8
03;2;07;0.9914755265274642;8
03;2;08;1.0019771464880007;8
03;2;09;0.9999445737698148;8
03;2;10;1.0047314787762636;8
03;2;11;1.0047496851029292;8
03;2;12;0.9980114688082533;8
03;2;13;0.9951799944403034;8
03;2;14;1.0;8
03;2;15;1.0;8
03;2;16;1.0;8
03;2;17;1.0;8
03;2;18;1.0;8
03;2;20;1.0;8
03;3;02;0.9965506383585753;8
03;3;03;0.9934524123818733;8
03;3;04;0.9973151485530396;8
03;3;05;1.0012028295452473;8
03;3;06;0.995549307287525;8
03;3;07;0.9996342363816361;8
03;3;08;0.9978276139995957;8
03;3;09;0.9993719987819076;8
03;3;10;1.0014527119000418;8
03;3;11;0.9992780308430982;8
03;3;12;0.9987562346087616;8
03;3;13;0.9900082293224812;8
03;3;14;1.0045686608734827;8
03;3;15;0.961640062255917;8
03;3;16;1.0010991076100186;8
03;3;17;1.0549187705092014;8
03;3;18;1.0;8
03;3;19;1.0;8
04;1;02;1.0;8
04;1;03;1.0998139221131185;8
04;1;04;1.0818706629248651;8
04;1;05;1.0;8
04;1;06;1.0;8
04;1;08;1.0;8
04;1;09;1.0;8
04;2;02;1.0;8
04;2;03;1.0;8
04;2;05;1.0;8
04;2;06;1.0;8
04;2;07;1.0;8
04;2;08;1.0;8
04;2;11;1.0;8
04;2;14;1.0;8
04;3;02;0.9819151544534466;8
04;3;03;0.9369484206949091;8
04;3;04;1.0;8
04;3;05;1.0;8
04;3;06;1.0;8
04;3;07;1.0;8
04;3;08;1.0;8
04;3;09;1.0;8
04;3;10;1.0;8
04;3;11;1.0;8
04;3;12;1.0;8
04;3;14;1.0;8
04;3;15;1.0;8
05;1;02;1.0;8
05;1;03;1.0;8
05;1;04;1.0;8
05;1;05;1.0;8
05;1;06;1.0;8
05;1;07;1.0;8
05;1;08;1.0;8
05;1;09;1.0;8
05;3;02;1.0;8
05;3;03;1.0;8
05;3;04;1.0;8
05;3;05;1.0;8
05;3;06;1.0;8
05;3;09;1.0;8
05;3;12;1.0;8
05;2;02;0.9963178069466654;8
05;2;03;0.9915474174249491;8
05;2;04;1.0;8
05;2;05;1.0033518339388734;8
05;2;06;1.0;8
05;2;07;1.0539943592998855;8
05;2;08;1.0;8
05;2;09;1.0;8
05;2;10;0.9204234682030018;8
05;2;11;1.0;8
05;2;12;1.0;8
05;3;02;1.0043170918828415;8
05;3;03;0.9989631526105679;8
05;3;04;0.995506211194533;8
05;3;05;1.001781011037957;8
05;3;06;0.9984532691379249;8
05;3;07;0.9978254226119712;8
05;3;08;0.9992331247679156;8
05;3;09;0.9977511084875401;8
05;3;10;1.0;8
05;3;11;1.0;8
05;3;12;0.9965831065645228;8
05;3;13;1.0;8
05;3;14;1.0;8
05;3;15;1.0;8
05;3;16;1.0;8
05;3;19;1.0;8
05;3;21;1.0;8
06;1;02;1.0;8
06;1;03;1.0;8
06;1;04;1.0;8
06;1;05;1.0;8
06;1;06;1.0;8
06;2;02;0.9949272298041983;8
06;2;03;1.0;8
06;2;04;1.0;8
06;2;05;1.0;8
06;2;06;1.0;8
06;2;07;1.0;8
06;2;08;1.0;8
06;2;09;1.0;8
06;2;10;1.0;8
06;2;11;1.0;8
06;2;12;1.0;8
06;2;13;1.0;8
06;2;15;1.0;8
06;3;02;1.0024932975924135;8
06;3;03;1.0;8
06;3;04;1.0;8
06;3;05;1.0;8
06;3;06;1.0;8
06;3;07;1.0;8
06;3;08;1.0;8
06;3;09;1.0;8
06;3;10;1.0;8
06;3;11;1.0;8
06;3;15;1.0;8
06;2;09;1.0;8
07;1;05;1.0;8
07;1;12;1.0;8
07;3;02;1.0576108732984562;8
07;3;03;1.0081302119621365;8
07;3;04;1.0;8
07;3;05;1.0153920892837784;8
07;3;06;1.0;8
07;3;07;1.0;8
07;3;08;1.0;8
07;3;09;1.0152254841037822;8
07;3;10;1.0;8
07;3;11;1.0;8
07;3;12;1.0;8
07;3;13;1.0;8
07;3;15;1.0;8
07;3;18;1.0;8
08;1;02;1.0;8
08;1;03;1.0;8
08;1;05;1.0;8
08;1;06;1.0;8
08;1;07;1.0;8
08;1;08;1.0;8
08;1;09;1.0;8
08;1;11;1.0;8
08;1;12;1.0;8
08;1;13;1.0;8
08;2;02;1.0;8
08;2;03;1.0;8
08;2;05;1.0;8
08;2;06;1.0;8
08;2;07;1.0;8
08;2;08;1.0;8
08;2;09;1.0;8
08;3;02;1.0;8
08;3;03;1.003373381129293;8
08;3;04;1.0;8
08;3;05;1.0;8
08;3;06;1.0;8
08;3;07;1.0;8
08;3;08;1.0;8
08;3;09;1.0;8
08;3;10;1.0;8
08;3;11;1.0;8
08;3;12;1.0;8
08;3;14;1.0;8
08;3;19;1.0;8
08;3;21;1.0;8
09;1;02;0.9777228357445926;8
09;1;03;0.9879206557329323;8
09;1;04;0.9571497191402492;8
09;1;05;0.9838844658238768;8
09;1;06;0.9782657614669696;8
09;1;07;0.9881499903820469;8
09;1;08;0.990945546953626;8
09;1;09;0.9974201111314078;8
09;1;10;0.998112750264347;8
09;1;11;0.9995227189808492;8
09;1;12;0.9725680305186538;8
09;1;13;0.9949321791681416;8
09;1;14;0.9679838091936876;8
09;1;15;1.0042053983504913;8
09;1;16;0.9674281600293695;8
09;1;17;0.8554791873957824;8
09;1;18;1.0;8
09;1;19;1.0;8
09;1;20;1.0;8
09;1;21;1.0;8
09;3;02;1.0;8
09;3;03;1.0;8
09;3;04;1.0;8
09;3;05;1.0;8
09;3;06;1.0;8
09;3;07;1.0;8
09;3;08;0.9741405696811631;8
09;3;09;1.0;8
09;3;10;1.0;8
09;3;11;1.0;8
09;3;14;1.0;8
09;2;02;0.9994381822203533;8
09;2;03;0.9995760804910958;8
09;2;04;0.9979455925158026;8
09;2;05;1.0010259549321825;8
09;2;06;0.9927001295927372;8
09;2;07;0.9825730598925236;8
09;2;08;0.9983087198237629;8
09;2;09;0.9945302330039879;8
09;2;10;0.9993663131563714;8
09;2;11;0.9994750757995067;8
09;2;12;0.9927867320503377;8
09;2;13;0.9936847416164415;8
09;2;14;0.9820826349478372;8
09;2;15;0.9879270473660643;8
09;2;16;1.063582045078735;8
09;2;17;1.0;8
09;2;18;1.0;8
09;2;19;1.0;8
09;2;20;1.0;8
09;2;21;1.0;8
09;3;02;1.0002076918155929;8
09;3;03;1.0010637588160043;8
09;3;04;0.9967215534347499;8
09;3;05;0.9925866952757727;8
09;3;06;0.996596464151628;8
09;3;07;0.9955971312985176;8
09;3;08;1.0000394900039624;8
09;3;09;1.0008743931812447;8
09;3;10;0.9982848176684311;8
09;3;11;0.9980398582127069;8
09;3;12;1.0;8
09;3;13;0.9859287272238202;8
09;3;14;0.9907037151033415;8
09;3;15;1.0;8
09;3;16;1.0;8
09;3;17;1.0;8
09;3;18;1.0;8
09;3;19;1.0;8
09;3;20;1.0;8
09;3;21;1.0;8
10;1;02;1.043850750150125;8
10;1;03;1.0;8
10;1;04;1.0;8
10;1;05;1.0;8
10;1;06;1.0;8
10;1;07;1.0;8
10;1;08;1.0;8
10;1;09;1.0;8
10;1;10;1.0;8
10;1;11;1.0;8
10;1;13;1.0;8
10;1;15;1.0;8
10;2;02;1.0;8
10;2;03;0.9190078209280506;8
10;2;04;0.9973381983250261;8
10;2;05;1.0;8
10;2;06;1.0;8
10;2;07;1.0;8
10;2;08;1.0;8
10;2;09;1.0;8
10;2;10;1.0;8
10;2;11;1.0;8
10;2;12;1.0;8
10;2;13;1.0;8
10;2;15;1.0;8
10;2;18;1.0;8
10;2;21;1.0;8
10;3;02;1.002068456636998;8
10;3;03;1.0250832926403504;8
10;3;04;0.9970049524448668;8
10;3;05;0.9998027173239765;8
10;3;06;1.0019856226891986;8
10;3;07;0.9923266316754978;8
10;3;08;0.9942966832498628;8
10;3;09;0.9787942586871204;8
10;3;10;0.9856984617246566;8
10;3;11;1.0;8
10;3;12;1.0;8
10;3;13;1.0;8
10;3;14;1.0;8
10;3;15;1.0;8
10;3;16;1.0;8
10;3;17;1.0;8
10;3;18;1.0;8
10;3;19;1.0;8
10;3;20;1.0;8
10;3;21;1.0;8
11;1;02;1.054191470733935;8
11;1;03;0.9957329712298661;8
11;1;04;0.9804737574613541;8
11;1;05;0.9960880673935807;8
11;1;06;1.0120894370723574;8
11;1;07;1.0510263777128839;8
11;1;08;1.0213609901320604;8
11;1;09;0.9971470273272034;8
11;1;10;0.8933698635831993;8
11;1;11;1.0;8
11;3;04;1.0;8
11;3;08;1.0;8
11;3;11;1.0;8
11;2;02;0.9850286764792231;8
11;2;03;1.0015139383076075;8
11;2;04;1.0023307652758666;8
11;2;05;1.0013587624555853;8
11;2;06;1.0034523130201796;8
11;2;07;1.0;8
11;2;08;0.9918465979251401;8
11;2;09;1.0;8
11;2;10;1.0031644096877679;8
11;2;11;1.0;8
11;2;12;1.0;8
11;2;16;1.0;8
11;3;02;0.9999908330637327;8
11;3;03;1.0059375926294685;8
11;3;04;1.0050532465887774;8
11;3;05;0.9987078985846938;8
11;3;06;1.004537723638251;8
11;3;07;0.9847094779934795;8
11;3;08;1.0025590488571081;8
11;3;09;1.0;8
11;3;10;0.9924944557021149;8
11;3;11;1.0;8
11;3;13;1.0;8
11;3;15;1.0;8
11;3;16;1.0;8
12;1;02;1.0184119392079685;8
12;1;03;1.0240172570108803;8
12;1;04;1.0;8
12;1;05;0.9556170639869986;8
12;1;06;0.9801401746577829;8
12;1;07;0.9934744107372039;8
12;1;08;1.0;8
12;1;09;1.0;8
12;1;10;1.0;8
12;3;05;1.0;8
12;2;02;0.9985320889874789;8
12;2;03;1.0;8
12;2;04;0.9580802947504672;8
12;2;05;1.0011877676251955;8
12;2;06;1.0;8
12;2;07;1.0;8
12;2;08;0.871673500156967;8
12;2;09;0.9891669416184177;8
12;2;10;1.0;8
12;2;11;1.0;8
12;3;02;1.0004886984029768;8
12;3;03;0.9956379525062626;8
12;3;04;0.9817035333065617;8
12;3;05;0.9752207114142698;8
12;3;06;0.9978989023715876;8
12;3;07;0.9874806705906725;8
12;3;08;1.0002669837544889;8
12;3;09;1.0;8
12;3;10;1.0253078381754768;8
12;3;11;1.0;8
13;1;02;1.0;8
13;1;03;1.0;8
13;1;04;1.0;8
13;1;05;1.0;8
13;1;06;1.0;8
13;1;07;1.0;8
13;1;08;1.0;8
13;1;09;1.0;8
13;1;10;1.0;8
13;3;02;1.0;8
13;3;03;1.0;8
13;3;04;1.0;8
13;3;05;1.0;8
13;3;06;1.0;8
13;3;07;1.0;8
13;2;02;1.0;8
13;2;03;1.0;8
13;2;04;1.0;8
13;2;05;1.0;8
13;2;06;0.9307879869300817;8
13;2;07;1.0;8
13;2;08;1.0;8
13;2;09;1.0;8
13;2;10;1.0;8
13;3;02;0.9880444686102117;8
13;3;03;0.999103575668537;8
13;3;04;0.9888294211811289;8
13;3;05;1.0094199998189692;8
13;3;06;1.001369378461091;8
13;3;07;1.0;8
13;3;08;1.0;8
13;3;09;1.0;8
13;3;10;0.9765136592661942;8
13;3;11;1.0;8
13;3;12;1.0;8
13;3;13;1.0;8
13;2;03;1.0;8
13;2;05;1.0;8
13;2;07;1.0;8
13;2;08;1.0;8
13;2;09;1.0;8
13;2;10;1.0;8
13;2;11;1.0;8
14;1;02;1.0;8
14;1;03;1.0;8
14;2;02;1.066629590798627;8
14;2;03;1.0;8
14;2;04;1.0;8
14;2;05;1.0;8
14;2;06;1.0;8
14;2;08;1.0;8
14;2;10;1.0;8
14;3;02;0.9979030351682336;8
14;3;03;1.0203456927082468;8
14;3;04;0.9942004802337743;8
14;3;05;0.9904663586503509;8
14;3;06;0.9945572760986445;8
14;3;07;1.0;8
14;3;08;1.005711099690798;8
14;3;09;1.0;8
14;3;10;0.9816369418449911;8
14;3;11;0.9987452545028445;8
14;3;12;1.0;8
14;3;13;1.0;8
14;3;14;1.0;8
14;3;19;1.0;8
15;1;02;1.0320735098114358;8
15;1;03;1.0;8
15;1;04;1.0;8
15;1;05;1.0;8
15;1;06;1.0;8
15;1;07;1.0;8
15;1;08;1.0;8
15;1;09;1.0;8
15;1;10;1.0;8
15;1;12;1.0;8
15;2;02;0.9688107303244158;8
15;2;03;0.991489431660122;8
15;2;04;0.9806187578920157;8
15;2;05;1.0048731570287395;8
15;2;06;0.9633619721125305;8
15;2;07;1.0;8
15;2;08;1.0;8
15;2;09;1.0;8
15;2;10;1.0;8
15;2;11;1.0;8
15;2;12;1.0;8
15;2;14;1.0;8
15;2;16;1.0;8
15;3;02;1.0003872783680785;8
15;3;03;0.9918779333269281;8
15;3;04;0.9954423586070523;8
15;3;05;0.9932012601243798;8
15;3;06;1.0;8
15;3;07;1.0;8
15;3;08;1.0016177612845276;8
15;3;09;1.0240580104630455;8
15;3;10;1.0007584007326404;8
15;3;11;1.0;8
15;3;12;1.0;8
15;3;13;1.0;8
15;3;14;1.0;8
15;3;15;1.0;8
16;3;02;1.0;8
16;3;03;1.0;8
16;3;07;1.0;8
16;3;09;1.0;8
17;1;02;0.9645440025744418;8
17;1;03;1.0011779790176774;8
17;1;04;1.0;8
17;1;05;0.9656781144856782;8
17;1;06;1.0;8
17;1;07;1.0;8
17;1;08;1.0015993780435888;8
17;1;09;0.9695914869183425;8
17;1;10;1.0;8
17;1;11;1.0;8
17;1;12;1.0;8
17;1;13;1.0;8
17;1;14;1.0;8
17;1;15;1.0;8
17;1;17;1.0;8
17;3;05;1.0;8
17;3;10;1.0;8
17;3;15;1.0;8
17;2;02;1.0035442586186136;8
17;2;03;1.0;8
17;2;04;1.006396314049317;8
17;2;05;0.9971432485984951;8
17;2;06;0.9931242254985799;8
17;2;07;0.9915305459996652;8
17;2;08;1.0048302253751773;8
17;2;09;1.0;8
17;2;10;1.0;8
17;2;11;1.0;8
17;2;12;1.0;8
17;2;13;1.0362867222516927;8
17;2;14;1.0;8
17;2;17;1.0;8
17;2;21;1.0;8
17;3;02;0.9923892913666531;8
17;3;03;1.0040193130462365;8
17;3;04;0.9970426479551805;8
17;3;05;1.0006490744179461;8
17;3;06;0.999329569115661;8
17;3;07;1.0014061580119353;8
17;3;08;1.001888871201329;8
17;3;09;1.0037113541561886;8
17;3;10;0.9957011113049797;8
17;3;11;0.9981016772423211;8
17;3;12;1.0;8
17;3;13;1.0;8
17;3;14;1.1321652881133815;8
17;3;15;1.0;8
17;3;16;1.0;8
17;3;17;1.0;8
17;3;18;1.0;8
17;2;02;1.0;8
17;2;05;1.0;8
18;1;02;1.0;8
18;1;03;1.0;8
18;1;04;1.0;8
18;1;05;1.0;8
18;1;08;1.0;8
18;1;11;1.0;8
18;2;02;0.8099899655464246;8
18;2;03;1.0;8
18;2;04;1.0;8
18;2;05;1.0;8
18;2;10;1.0;8
18;2;11;1.0;8
18;3;02;0.9849688891728022;8
18;3;03;0.995012356959113;8
18;3;04;1.0011379866374912;8
18;3;05;1.0;8
18;3;06;1.0;8
18;3;09;1.0;8
18;3;13;1.0;8
18;3;16;1.0;8
19;1;08;1.0;8
19;1;10;1.0;8
19;1;11;1.0;8
19;2;02;1.0;8
19;2;05;1.0;8
19;2;07;1.0;8
19;2;08;1.0;8
19;3;02;1.0498203834730884;8
19;3;03;1.0;8
19;3;04;1.0;8
19;3;05;0.922451413270873;8
19;3;06;0.9597430262568822;8
19;3;07;1.0;8
19;3;08;0.9264345717179454;8
19;3;09;0.998605617838969;8
19;3;10;1.0;8
19;3;11;1.0;8
19;3;12;1.0;8
19;3;13;0.9356125741143095;8
19;3;14;1.0;8
19;3;15;1.0;8
19;3;16;1.0;8
20;1;02;0.9935379997808045;8
20;1;03;1.0;8
20;1;04;1.018099735410189;8
20;1;05;1.0;8
20;1;06;0.9980912490507814;8
20;1;07;0.8782642626702181;8
20;1;08;1.0;8
20;1;09;1.0;8
20;1;11;1.0;8
20;2;02;1.0;8
20;2;03;1.0;8
20;2;04;1.0;8
20;2;05;0.9915271059156776;8
20;2;06;1.0;8
20;2;07;1.0;8
20;2;08;1.0;8
20;2;09;1.0;8
20;2;11;1.0;8
20;2;14;1.0;8
20;3;02;1.0021545792238566;8
20;3;03;1.0098317727195607;8
20;3;04;0.9836864730626297;8
20;3;05;1.002167508432424;8
20;3;06;0.9964594149464908;8
20;3;07;1.0;8
20;3;08;1.0;8
20;3;09;1.0;8
20;3;10;1.0;8
20;3;11;1.0;8
20;3;12;1.0;8
20;3;13;1.0;8
20;3;14;1.0;8
20;3;15;1.0;8
20;3;17;1.0;8
21;1;02;0.8978327939782925;8
21;1;03;0.9795984278643403;8
21;1;04;1.0199740506612887;8
21;1;05;1.0;8
21;1;06;1.0;8
21;3;02;1.0;8
21;3;03;1.0;8
21;2;02;0.99479868110714;8
21;2;03;0.9878270473424337;8
21;2;04;1.001157897284118;8
21;2;05;0.9896955374128188;8
21;2;06;1.0;8
21;2;07;1.0;8
21;2;08;1.0720181752190219;8
21;2;09;1.0;8
21;2;10;1.0;8
21;2;11;1.0;8
21;3;02;1.0020237435456776;8
21;3;03;0.9905727826224303;8
21;3;04;1.0047604095041731;8
21;3;05;1.0;8
21;3;06;1.005465665475036;8
21;3;07;0.9807877962834721;8
21;3;08;1.0;8
21;3;09;1.0;8
21;3;10;1.0;8
21;3;11;1.0;8
22;1;02;1.0;8
22;1;03;1.0;8
22;1;04;1.0;8
22;1;05;1.0;8
22;1;06;1.0;8
22;2;02;0.9839910167676206;8
22;2;03;1.0;8
22;2;04;1.0;8
22;2;05;1.0;8
22;2;06;0.9823640259501208;8
22;2;07;1.0;8
22;2;08;1.0;8
22;2;09;1.0;8
22;2;10;1.0;8
22;2;11;1.0;8
22;2;12;1.0;8
22;2;13;1.0;8
22;3;02;0.9947711443353178;8
22;3;03;0.9988623569323575;8
22;3;04;1.0091040375765932;8
22;3;05;0.9999008638052806;8
22;3;06;0.9956768194550263;8
22;3;07;1.0;8
22;3;08;1.0;8
22;3;09;1.0;8
22;3;10;1.0;8
22;3;11;1.0;8
22;3;12;1.0;8
23;1;02;1.0;8
23;1;03;1.0;8
23;1;04;0.8468881327368742;8
23;1;05;0.8822594725379557;8
23;1;06;1.0;8
23;1;08;1.0;8
23;1;09;1.0;8
23;1;13;1.0;8
23;3;02;1.0;8
23;3;03;1.0;8
23;3;04;1.0;8
23;3;05;1.0;8
23;2;02;1.0008618157720353;8
23;2;03;1.0;8
23;2;04;1.0;8
23;2;05;0.9847462192293782;8
23;2;06;1.0;8
23;2;08;1.0;8
23;3;02;0.967354612951799;8
23;3;03;0.9945681368018109;8
23;3;04;0.9926198448250912;8
23;3;05;1.0;8
23;3;06;0.9810183887500393;8
23;3;07;1.0;8
23;3;08;1.0;8
23;3;09;1.0;8
23;3;10;1.0;8
24;1;02;1.1269205354163117;8
24;1;03;1.0;8
24;1;04;1.0;8
24;1;05;1.0;8
24;1;06;1.0;8
24;1;07;1.0;8
24;1;08;1.0184354833839488;8
24;1;09;1.0;8
24;1;10;1.0;8
24;2;02;1.0;8
24;2;03;1.0;8
24;2;04;0.9799250533988615;8
24;2;05;1.0036347247417086;8
24;2;06;1.0;8
24;2;07;1.0;8
24;2;08;0.9796593877621027;8
24;2;09;1.0201128575691996;8
24;2;10;1.0;8
24;3;02;1.0058444375456739;8
24;3;03;0.9887584715418376;8
24;3;04;1.0187224299496485;8
24;3;05;1.0079928829199605;8
24;3;06;1.0028381851846737;8
24;3;07;0.9988972602540813;8
24;3;08;1.0030238371832931;8
24;3;09;0.9909462963106545;8
24;3;10;1.0;8
24;3;11;1.0;8
25;1;02;1.0;8
25;1;03;1.0;8
25;1;06;1.0;8
25;3;02;1.0;8
25;2;02;0.9634259752803153;8
25;2;03;0.9604235970239802;8
25;2;04;1.0;8
25;2;05;0.9942345396595804;8
25;2;06;1.0;8
25;2;07;1.0;8
25;2;09;1.0;8
25;2;10;1.0;8
25;3;02;0.9948904404829721;8
25;3;03;0.9877023701283937;8
25;3;04;0.99255514125165;8
25;3;05;1.002838227230162;8
25;3;06;1.0119337081050606;8
25;3;07;1.0;8
25;3;08;1.0;8
25;3;09;1.0;8
25;3;10;1.0;8
25;3;11;1.0;8
25;3;12;1.0;8
25;3;13;1.0;8
25;3;14;1.0;8
25;3;17;1.0;8
25;3;19;1.0;8
26;3;13;1.0;8
26;3;20;1.0;8
26;3;21;1.0;8
27;3;02;1.0;8
27;3;03;1.0;8
27;3;04;1.0;8
27;3;05;1.0;8
27;3;06;1.0;8
27;3;08;1.0;8
27;3;09;1.0;8
27;3;10;1.0;8
28;3;02;1.0;8
28;3;04;1.0;8
28;3;09;1.0;8
29;3;02;1.0;8
29;3;03;1.0;8
29;3;05;0.9335645849520676;8
29;3;06;1.0;8
29;3;07;1.0;8
31;1;02;1.0000042204562067;8
31;3;02;1.0;8
31;2;02;0.9847816067571012;8
31;2;03;1.0;8
31;3;02;0.9953494866541714;8
31;3;03;0.9899312613702168;8
31;3;04;1.0;8
31;3;05;1.0;8
32;2;02;1.0;8
32;2;03;1.0;8
32;3;02;1.0;8
32;3;03;1.0;8
32;3;04;1.0445185565537767;8
32;3;05;1.0;8
33;1;04;1.0;8
33;2;05;1.0;8
33;2;06;1.0;8
33;2;07;1.0;8
33;2;08;1.0;8
33;2;09;1.0;8
33;2;10;1.0;8
33;3;02;1.0;8
33;3;03;1.0;8
33;3;04;1.0;8
33;3;05;1.0;8
33;3;06;1.0;8
33;3;07;1.0;8
33;3;08;0.9941742544227337;8
33;3;09;1.0;8
33;3;10;1.0;8
33;3;11;1.0;8
33;3;12;1.0;8
33;3;13;1.0;8
33;3;14;1.0;8
33;3;16;1.0;8
33;3;19;1.0;8
33;3;21;1.0;8
34;3;06;1.0;8
34;3;08;0.9904194462039623;8
34;3;10;1.0;8
36;3;02;1.0;8
36;3;05;1.0;8
36;3;10;1.0;8
38;1;02;1.0;8
38;1;03;1.0;8
38;2;02;1.0;8
38;2;03;1.0;8
38;3;02;1.0;8
38;3;03;1.0;8
39;1;02;1.0;8
39;2;02;1.0;8
39;3;02;1.0;8
40;1;02;1.0;8
40;2;02;1.0;8
40;2;03;1.0;8
40;3;02;1.0;8
40;3;03;1.0;8
40;3;04;1.0;8
40;3;05;1.0;8
41;1;02;1.02459807956371;8
41;1;03;1.0660855091011674;8
41;1;05;1.0;8
41;1;07;1.0;8
41;2;02;1.0078494884811544;8
41;2;03;1.0;8
41;2;04;1.0;8
41;2;05;1.0;8
41;2;06;1.0;8
41;2;07;1.0;8
41;3;02;1.0120308741146449;8
41;3;03;1.0136168061586106;8
41;3;04;1.0;8
41;3;05;1.0136049048747813;8
41;3;06;1.0;8
41;3;07;1.0;8
41;3;10;1.0;8
41;3;11;1.0;8
42;3;02;1.0;8
49;1;02;1.0;8
49;1;03;1.0;8
49;3;02;1.0;8
49;2;02;1.0061652279341642;8
49;2;03;1.0;8
49;2;04;1.0;8
49;3;02;1.0002714251956903;8
49;3;03;1.0024594654048797;8
49;3;04;1.006601621615435;8
49;3;05;1.0;8
49;3;06;1.0;8
49;3;07;1.0;8
49;2;05;1.0;8
51;1;02;1.0;8
51;1;03;1.0;8
51;1;04;1.0;8
51;1;05;1.0;8
51;1;06;1.0;8
51;1;07;1.0;8
51;1;08;1.0;8
51;1;09;1.0;8
51;1;10;1.0;8
51;1;11;1.0;8
51;1;12;1.0;8
51;1;14;1.0;8
51;2;02;1.0;8
51;2;03;1.0;8
51;2;04;1.0;8
51;2;05;1.0;8
51;2;06;1.0;8
51;2;07;1.0;8
51;2;08;1.0;8
51;2;09;1.0;8
51;2;10;1.0;8
51;2;11;1.0;8
51;2;12;1.0;8
51;2;13;1.0;8
51;3;02;1.0;8
51;3;03;1.0;8
51;3;04;1.0;8
51;3;05;1.0;8
51;3;06;1.0;8
51;3;07;1.0;8
51;3;08;1.0;8
51;3;09;1.0;8
51;3;10;1.0;8
51;3;11;1.0;8
51;3;12;1.0;8
51;3;13;1.0;8
51;3;14;1.0;8
51;3;15;1.0;8
51;3;16;1.0;8
51;3;17;1.0;8
51;3;18;1.0;8
51;3;19;1.0;8
51;3;21;1.0;8
51;2;03;1.0;8
51;2;04;1.0;8
51;2;05;1.0;8
51;2;06;1.0;8
51;2;07;1.0;8
51;2;08;1.0;8
51;2;10;1.0;8
51;2;11;1.0;8
51;2;12;1.0;8
51;2;14;1.0;8
52;1;02;1.0;8
52;1;03;0.9933265206875811;8
52;1;04;0.9754015034068199;8
52;1;05;1.0099006696045698;8
52;1;06;0.9857698529535964;8
52;1;07;1.0040731867074413;8
52;1;08;0.9930680947759835;8
52;1;09;0.9931534655914316;8
52;1;10;1.010212380967134;8
52;1;11;0.9939195691333319;8
52;1;12;1.0;8
52;1;13;1.0;8
52;1;09;1.0;8
52;3;02;1.0;8
52;3;03;1.0;8
52;3;04;1.0;8
52;3;05;1.0;8
52;3;06;1.0;8
52;2;02;1.001352176551762;8
52;2;03;0.9993364861804087;8
52;2;04;0.9967222694295055;8
52;2;05;0.9945778018163904;8
52;2;06;1.0;8
52;2;07;1.0;8
52;2;08;0.9975238266102925;8
52;2;09;0.9866620509563564;8
52;2;10;0.9770678842628534;8
52;2;11;1.0070127963342148;8
52;2;12;1.0;8
52;2;13;1.0109287768780044;8
52;3;02;0.9986042800170836;8
52;3;03;0.9956253110015738;8
52;3;04;0.9874913937298153;8
52;3;05;0.9950599510794585;8
52;3;06;0.9975177692751974;8
52;3;07;0.9971794958580426;8
52;3;08;0.994520138625782;8
52;3;09;0.9983636031511325;8
52;3;10;0.9982359225017313;8
52;3;11;0.9996564634408888;8
52;3;12;1.0;8
52;3;13;1.0;8
52;3;14;1.0;8
52;3;15;1.0;8
52;3;16;1.0;8
52;3;18;1.0;8
53;1;02;1.0;8
53;1;03;1.0;8
53;1;04;1.0;8
53;1;05;1.0;8
53;1;06;1.0;8
53;1;07;1.0;8
53;1;08;1.0;8
53;1;09;1.0;8
53;1;10;1.0;8
53;1;12;1.0;8
53;2;02;1.0;8
53;2;03;1.0;8
53;2;04;1.0;8
53;2;05;1.0;8
53;2;06;1.0081200558517924;8
53;2;07;1.0;8
53;2;08;1.0052712157258228;8
53;2;09;1.0035593755957766;8
53;2;10;1.0;8
53;2;11;1.0;8
53;2;12;1.0;8
53;2;13;1.0;8
53;2;14;1.0;8
53;2;15;1.0;8
53;2;16;1.0;8
53;2;17;1.0;8
53;3;02;0.9964069309442343;8
53;3;03;1.0000480212561804;8
53;3;04;0.9958997531349422;8
53;3;05;1.002721188496005;8
53;3;06;1.0;8
53;3;07;1.0012440411296477;8
53;3;08;1.0;8
53;3;09;1.0;8
53;3;10;1.0;8
53;3;11;0.9808892744346875;8
53;3;12;1.0;8
53;3;13;1.0;8
53;3;14;1.0;8
53;3;15;1.0;8
53;3;16;1.0;8
53;3;17;1.0;8
53;2;02;1.0;8
53;2;03;1.0;8
53;2;04;1.0;8
53;2;05;1.0;8
53;2;06;1.0;8
53;2;07;1.0;8
53;2;08;1.0;8
53;2;09;1.0;8
53;2;10;1.0;8
53;2;11;1.0;8
53;2;12;1.0;8
53;2;13;1.0;8
53;2;14;1.0;8
53;2;15;1.0;8
54;1;02;1.0;8
54;1;03;1.0;8
54;1;04;1.0;8
54;1;05;1.0;8
54;1;06;0.985353071670983;8
54;1;07;0.9978333183554915;8
54;1;08;0.9866855059416679;8
54;1;09;0.9917268389340343;8
54;1;10;0.9927672585065914;8
54;1;11;1.0;8
54;1;12;1.0;8
54;1;13;1.0;8
54;2;02;1.0;8
54;2;03;1.0;8
54;2;04;1.0;8
54;2;05;0.9706899445444758;8
54;2;06;1.0;8
54;2;07;1.0;8
54;2;08;0.9829750215423567;8
54;2;09;0.9701613305672036;8
54;2;10;1.0172584801281943;8
54;2;11;1.0;8
54;2;12;1.0;8
54;2;13;1.0;8
54;3;02;1.005705127220034;8
54;3;03;0.9755311663478928;8
54;3;04;1.0;8
54;3;05;1.0;8
54;3;06;0.9912365754138717;8
54;3;07;1.0;8
54;3;08;1.0;8
54;3;09;0.9711041193343161;8
54;3;10;0.9612304917874137;8
54;3;11;1.0;8
54;3;12;0.9242363941320664;8
55;2;02;1.0;8
55;2;03;1.0;8
55;2;04;1.0;8
55;2;05;1.0;8
55;2;06;1.0;8
55;2;09;1.0;8
55;3;02;1.0;8
55;3;03;1.0;8
55;3;05;1.0;8
55;3;06;1.0;8
55;3;09;1.0;8
56;1;02;1.0;8
56;2;02;1.0;8
56;2;03;1.0;8
56;2;04;1.0;8
56;2;05;1.0;8
56;2;09;1.0;8
56;2;10;1.0;8
56;2;11;1.0;8
56;3;02;1.0;8
56;3;03;1.0;8
56;3;05;1.0;8
56;3;06;1.0;8
56;3;08;1.0;8
57;1;02;1.0;8
57;1;03;1.0;8
57;1;04;1.0;8
57;1;07;1.0;8
57;1;08;1.0;8
57;1;09;1.0;8
57;1;10;1.0;8
57;1;11;1.0;8
57;2;02;1.0;8
57;2;03;0.9954870364803642;8
57;2;04;1.0;8
57;2;05;0.9876832559881906;8
57;2;06;0.9339304902531297;8
57;2;07;1.0;8
57;2;08;1.002445614251393;8
57;2;09;1.006507059277593;8
57;2;10;1.0;8
57;2;11;1.0;8
57;2;15;1.0;8
57;3;02;0.9980240511767224;8
57;3;03;1.0086835720173892;8
57;3;04;1.0037457922017612;8
57;3;05;1.0;8
57;3;06;1.0;8
57;3;07;1.0;8
57;3;08;1.0;8
57;3;09;1.0;8
57;3;10;1.0;8
57;3;11;1.0;8
57;3;12;1.0;8
57;3;13;1.0;8
57;3;14;1.0;8
57;3;18;1.0;8
58;1;02;1.0;8
58;1;03;1.0;8
58;1;04;0.9826955812366;8
58;1;05;1.0;8
58;1;06;1.0;8
58;1;07;1.0;8
58;1;08;1.0;8
58;1;09;1.0;8
58;1;10;1.0;8
58;1;12;1.0;8
58;1;13;1.0;8
58;2;02;1.0;8
58;2;03;1.0;8
58;2;04;1.0;8
58;2;05;1.0;8
58;2;06;1.0;8
58;2;07;1.0;8
58;2;08;1.0;8
58;2;09;1.0;8
58;2;10;1.0;8
58;2;11;1.0;8
58;2;12;1.0;8
58;2;13;1.0;8
58;3;02;1.0;8
58;3;03;1.0;8
58;3;04;1.0;8
58;3;05;1.0;8
58;3;06;1.0;8
58;3;07;1.0;8
58;3;08;1.0;8
58;3;09;1.0;8
58;3;10;1.0;8
59;2;02;1.0;8
59;2;03;1.0;8
59;2;04;1.0;8
59;2;05;1.0;8
59;2;06;1.0;8
59;2;08;1.0;8
59;2;09;1.0;8
59;2;10;1.0;8
59;3;02;1.0;8
59;3;05;1.0;8
61;1;02;1.0;8
61;1;03;1.0033682540826754;8
61;1;04;0.9944020957457292;8
61;1;05;0.9995475164582843;8
61;1;06;0.9835095537340938;8
61;1;07;1.0;8
61;1;08;1.0009317202327188;8
61;1;09;1.0013410598456518;8
61;1;10;0.9995403380764335;8
61;1;11;0.9967147081001643;8
61;1;12;0.9795258338295034;8
61;1;13;1.0043860758827898;8
61;1;14;1.0;8
61;1;15;1.006505510111421;8
61;1;16;1.0;8
61;1;17;0.8199662842526912;8
61;2;02;0.9852971579852412;8
61;2;03;0.9994645891432102;8
61;2;04;0.9761467845160381;8
61;2;05;0.998022853638997;8
61;2;06;0.997085369494437;8
61;2;07;0.996483355044517;8
61;2;08;0.9988584227757028;8
61;2;09;0.9976150737573245;8
61;2;10;0.9938538827417;8
61;2;11;1.0050413857406169;8
61;2;12;0.9948814402443753;8
61;2;13;0.9948595024528105;8
61;2;14;0.9866524665141941;8
61;2;15;0.9732154657130293;8
61;2;16;1.0;8
61;2;17;0.9879295655012467;8
61;2;18;1.0;8
61;2;19;1.0;8
61;2;20;1.0;8
61;2;21;1.0;8
61;3;02;1.0081638602349607;8
61;3;03;0.9850864605664804;8
61;3;04;0.9970764020614546;8
61;3;05;0.9844365388716589;8
61;3;06;0.9937160067084467;8
61;3;07;1.0009243308347557;8
61;3;08;1.0034950257361086;8
61;3;09;0.9974098043712399;8
61;3;10;0.9975596705844466;8
61;3;11;1.0004909331263627;8
61;3;12;0.9934210438290669;8
61;3;13;0.9900022293801211;8
61;3;14;1.01678851294018;8
61;3;15;1.0;8
61;3;16;1.0453086780311982;8
61;3;17;1.0;8
61;3;18;1.0;8
61;3;19;1.0;8
62;1;02;0.9743015372819975;8
62;1;03;0.9549078627549769;8
62;1;04;1.0064664947446784;8
62;1;05;0.9817859708307176;8
62;1;06;0.9871854664981173;8
62;1;07;1.0036221115825794;8
62;1;08;0.9921222927031654;8
62;1;09;0.9947541237698825;8
62;1;10;1.0004124733122028;8
62;1;11;1.0;8
62;1;12;1.0044866077984889;8
62;1;13;1.0;8
62;1;14;1.0;8
62;1;15;0.9623969037981455;8
62;1;17;1.0;8
62;2;02;0.9972516011642547;8
62;2;03;0.9910765287492832;8
62;2;04;0.9864369851777575;8
62;2;05;1.0035014039307817;8
62;2;06;0.9941357660269892;8
62;2;07;0.9909721773457791;8
62;2;08;1.00412313004479;8
62;2;09;1.0032154818056993;8
62;2;10;1.0019305541354424;8
62;2;11;0.9963369833554548;8
62;2;12;1.0098855784551743;8
62;2;13;1.0;8
62;2;14;1.0;8
62;2;15;0.963157266931888;8
62;2;16;1.0;8
62;2;17;1.0;8
62;2;21;1.0;8
62;3;02;0.9605595157280632;8
62;3;03;0.9919874220864047;8
62;3;04;0.9986762330580192;8
62;3;05;0.9904055483242524;8
62;3;06;0.9913343732595913;8
62;3;07;0.9984856875788047;8
62;3;08;1.0003076526956116;8
62;3;09;0.9973208838774665;8
62;3;10;1.0001330905475523;8
62;3;11;0.9994733183206508;8
62;3;12;0.9995176759611918;8
62;3;13;0.9971467978729769;8
62;3;14;1.0072203500928345;8
62;3;15;0.9781170518987486;8
62;3;16;1.0;8
63;1;02;1.0;8
63;1;03;1.0;8
63;1;04;1.0;8
63;1;05;1.0;8
63;1;06;1.0;8
63;1;07;1.0;8
63;1;08;1.0;8
63;1;09;1.0;8
63;1;10;1.0;8
63;1;11;1.0;8
63;1;12;1.0;8
63;1;14;1.0;8
63;1;15;1.0;8
63;2;02;1.0;8
63;2;03;1.0;8
63;2;04;1.0;8
63;2;05;1.0;8
63;2;06;1.0;8
63;2;07;1.0;8
63;2;08;1.0;8
63;2;09;1.0;8
63;2;10;1.0;8
63;2;11;1.0;8
63;2;12;1.0;8
63;2;13;1.0;8
63;2;14;1.0;8
63;2;15;1.0;8
63;2;17;1.0;8
63;2;18;1.0;8
63;2;19;1.0;8
63;3;02;1.0;8
63;3;03;1.0;8
63;3;04;1.0;8
63;3;05;1.0;8
63;3;06;1.0;8
63;3;07;1.0;8
63;3;08;1.0;8
63;3;09;1.0;8
63;3;10;1.0;8
63;3;11;1.039083269985207;8
63;3;12;1.0;8
63;3;13;1.0;8
63;3;14;1.0;8
63;3;16;1.0;8
64;1;02;1.0;8
64;1;03;0.8488280247029301;8
64;1;04;1.0;8
64;1;05;1.0;8
64;1;06;1.0;8
64;1;07;1.0;8
64;1;08;1.0;8
64;1;09;0.9814091853688455;8
64;1;10;1.0;8
64;1;11;1.0;8
64;1;12;1.0;8
64;1;13;1.0;8
64;2;02;0.9634906355240254;8
64;2;03;1.0295506030391666;8
64;2;04;0.989131144116826;8
64;2;05;0.9564593919574548;8
64;2;06;0.9916386755214202;8
64;2;07;0.9788426811156471;8
64;2;08;0.9910919409645593;8
64;2;09;1.035857652123601;8
64;2;10;0.9747493150225766;8
64;2;11;1.0;8
64;2;12;1.0;8
64;2;13;1.0;8
64;2;14;0.9256309783545515;8
64;3;02;1.0019503890662493;8
64;3;03;0.9811967664565668;8
64;3;04;0.9857920894003234;8
64;3;05;0.9804769281631417;8
64;3;06;0.9868940159323728;8
64;3;07;0.9901078160966632;8
64;3;08;0.9685648411668325;8
64;3;09;0.9856646833943479;8
64;3;10;0.996866705823771;8
64;3;11;0.9972847802042702;8
64;3;12;0.9691597183004914;8
64;3;13;1.0;8
64;3;14;1.0;8
64;3;15;0.9468544963942391;8
64;3;18;1.0;8
64;2;11;1.0;8
65;1;02;1.0;8
65;1;05;1.0;8
65;1;06;1.0;8
65;2;02;1.0;8
65;2;03;1.0;8
65;2;06;1.0;8
65;2;08;0.9511650410064596;8
65;2;09;1.0;8
65;2;10;1.0;8
65;2;15;1.0;8
65;3;02;1.0;8
65;3;03;1.0;8
66;2;02;1.0;8
66;3;07;1.0;8
67;1;02;1.0;8
67;1;03;1.0;8
67;2;02;1.0;8
67;2;03;1.0;8
67;2;04;1.0;8
67;2;05;1.0;8
67;3;02;1.0;8
67;3;03;1.0;8
67;3;04;1.0;8
67;3;05;1.0;8
67;3;13;1.0;8
68;3;02;1.0;8
68;3;04;1.0;8
68;3;05;1.0;8
68;3;06;1.0;8
68;3;07;1.0;8
68;3;08;1.0;8
68;3;09;1.0;8
69;3;02;1.0;8
71;1;05;1.0;8
71;3;02;1.0;8
71;3;03;1.0;8
71;3;04;1.0;8
72;1;02;1.0;8
72;1;03;1.0;8
72;1;04;1.0;8
72;1;05;1.0;8
72;1;06;1.0;8
72;1;07;1.0;8
72;1;08;1.0;8
72;1;09;1.0;8
72;1;10;1.0;8
72;1;11;1.0;8
72;1;12;1.0;8
72;1;13;1.0;8
72;2;02;1.0;8
72;2;03;1.0;8
72;2;05;1.0;8
72;2;06;1.0;8
72;3;02;1.0;8
72;3;03;1.0;8
72;3;04;1.0;8
72;3;05;0.9938439312777011;8
72;3;06;1.0;8
72;3;07;0.973560008863111;8
72;3;08;0.8485485719781962;8
72;3;09;0.9729188342751207;8
72;3;10;0.9827943579146885;8
72;3;11;0.9853128071285708;8
73;1;03;1.0139548301068422;8
73;1;04;1.0;8
73;1;05;1.0;8
73;1;07;1.0438332439134075;8
73;1;08;0.9847287592749434;8
73;1;09;1.0;8
73;1;10;1.0;8
73;3;02;0.7666607078278368;8
73;3;03;1.0130142740920165;8
73;3;04;0.9679083132352636;8
73;3;05;1.0020221440574746;8
73;3;06;0.9508946985303779;8
73;3;07;1.0159928611111118;8
73;3;08;1.0282582198201524;8
73;3;09;1.0363411440915087;8
73;3;10;0.968872866775885;8
73;3;11;0.9626787941220821;8
73;3;12;1.0;8
74;2;02;1.0;8
74;2;03;1.0;8
74;2;09;1.0;8
74;3;02;1.0;8
74;3;03;1.0;8
74;3;04;1.0;8
74;3;05;1.0;8
74;3;06;1.0;8
74;3;07;1.0;8
74;3;08;1.0;8
74;3;09;1.0;8
74;3;10;1.0;8
74;3;11;1.0;8
74;3;13;1.0;8
