"npp","datepoint","leve","us_nm","csa","u_cha_dplct","u_clh3","peupnr","comp3_r","ser_86","alti","clalti","u_pro_psg","dca","esspre","sver","xl93","yl93","u_cha_strate","u_tfv_in","u_cha_zone"
"23CHA001","19/10/2023",1,1,"1",0,"16",0,1,"C52",268,"250",2,0,"14",6,857508.3881348,6472902.8812049,"FEU_H1","FF1-14-14",1
"23CHA003","03/04/2023",1,1,"3",1,"6",0,1,"C52",338,"300",2,0,"21",3,872393.047015,6472024.8793773,"FEU_H1","FF1-00-00",1
"23CHA004","04/04/2023",1,1,"1",1,"15",0,1,"C52",418,"400",2,0,"14",5,876874.0174746,6472038.9674665,"FEU_H4","FF1-00-00",1
"23CHA008","22/06/2023",1,1,"1",0,"13",0,1,"C52",478,"450",2,0,"11",5,885798.7758515,6471183.5693139,"FEU_H3","FF1-00-00",1
"23CHA009","20/10/2023",1,1,"1",1,"1",1,1,"C52",647,"600",2,1,"11",3,888753.3252998,6471192.406185,"FEU_H4","FF1-00-00",1
"23CHA010","02/06/2023",1,1,"1",3,"15",0,2,"C52",689,"650",2,0,"53",6,888015.2275133,6470753.7413412,"RES_TT","FF2G53-53",1
"23CHA011","24/03/2023",0,6,"6A",0,NA,NA,NA,"C52",238,"200",2,NA,NA,NA,854530.4525856,6470323.9133685,"FEU_H1","FO1",1
"23CHA013","04/04/2023",1,1,"1",0,"5",1,1,"C52",520,"500",2,0,"10",3,875376.0014295,6470323.9133685,"CHT_TT","FF1-10-10",1
"23CHA016","06/04/2023",1,1,"3",0,"17",0,1,"C52",563,"550",2,0,"21",4,882820.8403023,6470323.9133685,"FEU_H2","FF1-00-00",1
"23CHA017","04/10/2023",1,1,"1",0,"19",0,1,"C52",695,"650",2,0,"10",5,888776.7114006,6470323.9133685,"FEU_H4","FF1-00-00",1
"23CHA019","07/04/2023",1,1,"1",0,"17",0,1,"C52",616,"600",2,0,"10",5,882076.3564151,6469894.0853957,"MIX_TT","FF31",1
"23CHA020","19/06/2023",1,1,"1",0,"13",0,1,"C52",446,"400",2,0,"10",6,866442.1947821,6469464.257423,"CHT_TT","FF1-10-10",1
"23CHA021","04/04/2023",1,1,"1",0,"12",0,1,"C52",585,"550",2,0,"10",5,876864.9692041,6469464.257423,"CHT_TT","FF1-10-10",1
"23CHA022","04/04/2023",1,1,"1",1,"15",0,1,"C52",525,"500",2,0,"10",5,878349.3908423,6469458.9345812,"CHT_TT","FF1-10-10",1
"23CHA023","02/06/2023",0,6,"6A",0,NA,NA,NA,"C52",640,"600",2,NA,NA,NA,885798.7758515,6469464.257423,"CHT_TT","FF1-10-10",1
"23CHA026","03/10/2023",1,1,"1",1,"22",0,1,"C52",678,"650",2,0,"17",5,891746.1828421,6469452.6075783,"CHT_TT","FF1-10-10",1
"23CHA027","07/04/2023",1,1,"1",0,"15",0,3,"C52",590,"550",4,0,"10",5,881424.9330137,6469195.6149401,"RES_TT","FF2-64-64",1
"23CHA029","24/03/2023",0,2,"1",0,NA,NA,NA,"C52",205,"200",2,NA,NA,NA,851552.5170365,6469034.4294503,"MIX_TT","FF31",1
"23CHA030","07/04/2023",1,1,"1",0,"34",0,2,"C52",617,"600",4,0,"64",6,881331.8725278,6469034.4294503,"RES_TT","FF2-64-64",1
"23CHA031","19/06/2023",1,1,"1",1,"12",0,1,"C52",380,"350",2,0,"14",5,861949.956301,6468616.5232977,"FEU_H4","FF1-00-00",1
"23CHA034","10/10/2023",1,1,"1",0,"14",0,1,"C52",468,"450",2,0,"10",5,869420.1303313,6468604.6014775,"CHT_TT","FF1-10-10",1
"23CHA036","04/04/2023",1,1,"3",0,"19",0,2,"C52",614,"600",4,0,"53",6,877609.4530914,6468604.6014775,"RES_TT","FF2G53-53",1
"23CHA039","22/06/2023",1,1,"1",1,"14",0,1,"C52",646,"600",2,0,"09",4,885784.6337159,6468590.4593419,"FEU_H4","FF1-00-00",1
"23CHA040","31/07/2023",1,1,"1",1,"18",0,1,"C52",634,"600",2,0,"05",4,888789.5010031,6468612.438956,"FEU_H2","FF1-00-00",1
"23CHA045","22/09/2023",0,2,"1",0,NA,NA,NA,"C52",256,"250",2,NA,NA,NA,856019.4203602,6467744.9455321,"FEU_H4","FF1-00",1
"23CHA047","03/04/2023",1,1,"1",0,"18",0,1,"C52",519,"500",2,0,"10",5,875376.0014295,6467744.9455321,"CHT_TT","FF1-10-10",1
"23CHA048","05/04/2023",1,1,"1",0,"19",0,2,"C52",616,"600",4,0,"62",6,877609.4530914,6467744.9455321,"RES_TT","FF2-00-00",1
"23CHA050","30/05/2023",1,1,"1",1,"24",0,2,"C52",712,"700",1,0,"64",6,882795.8403023,6467744.9455321,"RES_TT","FF2-64-64",1
"23CHA051","31/07/2023",1,1,"1",0,"15",0,1,"C52",622,"600",2,0,"05",4,890265.6791752,6467744.9455321,"FEU_H3","FF1-00-00",1
"23CHA052","31/07/2023",1,1,"1",0,"12",0,1,"C52",317,"300",2,0,"10",5,893243.6147243,6467744.9455321,"CHT_TT","FF1-10-10",1
"23CHA053","05/04/2023",1,1,"1",0,"16",0,4,"C52",643,"600",3,0,"53",5,880587.3886405,6467315.1175593,"RES_TT","FF2-00-00",1
"23CHA055","05/10/2023",1,1,"1",0,"16",0,1,"C52",592,"550",2,0,"10",4,875003.7594859,6467100.203573,"FEU_H2","FF1-00-00",1
"23CHA058","24/03/2023",0,2,"1",0,NA,NA,NA,"C52",281,"250",2,NA,NA,NA,856019.4203602,6466885.2895866,"FEU_H2","FF1-00-00",1
"23CHA059","20/03/2023",1,1,"1",0,"3",0,1,"C52",370,"350",2,1,"10",3,857508.3881348,6466885.2895866,"FEU_H1","FF1-00-00",1
"23CHA060","10/10/2023",1,1,"1",0,"8",0,1,"C52",469,"450",2,0,"10",2,867931.1625567,6466885.2895866,"FEU_H2","FF1G01-01",1
"23CHA061","10/10/2023",1,1,"1",0,"21",0,1,"C52",509,"500",2,0,"03",4,870909.0981058,6466885.2895866,"FEU_H4","FF1-00-00",1
"23CHA062","05/04/2023",1,1,"1",0,"22",0,3,"C52",588,"550",1,2,"10",5,879098.4208659,6466885.2895866,"RES_TT","FF2-64-64",1
"23CHA063","05/04/2023",1,1,"1",0,"34",0,2,"C52",641,"600",3,0,"64",5,880587.3886405,6466885.2895866,"RES_TT","FF2-64-64",1
"23CHA064","30/05/2023",1,1,"1",1,"19",0,1,"C52",725,"700",4,0,"10",4,882835.9874133,6466877.5717481,"FEU_H4","FF1-00-00",1
"23CHA065","02/06/2023",1,1,"1",0,"27",0,1,"C52",687,"650",2,0,"09",5,885798.7758515,6466885.2895866,"FEU_H4","FF1-00-00",1
"23CHA066","04/10/2023",1,1,"1",1,"20",0,1,"C52",755,"750",2,0,"10",6,888780.5434142,6466893.4330301,"FEU_H4","FF1-00-00",1
"23CHA067","01/08/2023",1,1,"1",0,"19",0,1,"C52",617,"600",2,0,"11",5,890265.6791752,6466885.2895866,"FEU_H3","FF1-00-00",1
"23CHA070","05/04/2023",1,1,"1",1,"21",0,4,"C52",652,"650",3,0,"62",5,881344.6449261,6466456.8716998,"RES_TT","FF2G61-61",1
"23CHA072","05/04/2023",1,1,"1",0,"33",0,2,"C52",656,"650",3,0,"64",6,880866.5700982,6466186.8191309,"RES_TT","FF2G61-61",1
"23CHA073","20/03/2023",1,1,"1",0,"15",0,1,"C52",408,"400",2,0,"12",5,857508.3881348,6466025.6336411,"FEU_H1","FF1-00-00",1
"23CHA074","05/10/2023",1,1,"1",1,"4",1,1,"C52",404,"400",2,1,"10",3,861988.3539226,6466004.317637,"FEU_H1","FF1-00-00",1
"23CHA076","10/10/2023",1,1,"1",0,"14",0,1,"C52",557,"550",2,0,"10",4,871653.5819931,6466025.6336411,"MIX_TT","FF32",1
"23CHA077","30/05/2023",1,1,"1",0,"31",0,2,"C52",662,"650",3,0,"64",6,880587.3886405,6466025.6336411,"RES_TT","FF2-64-64",1
"23CHA078","31/05/2023",1,1,"1",0,"26",0,4,"C52",669,"650",3,3,"62",6,881331.8725278,6466025.6336411,"RES_TT","FF2G61-61",1
"23CHA079","03/10/2023",1,1,"1",0,"14",0,1,"C52",722,"700",2,0,"10",6,888776.7114006,6466025.6336411,"CHT_TT","FF1-10-10",1
"23CHA080","31/07/2023",1,1,"1",1,"11",0,1,"C52",683,"650",2,0,"10",5,890288.4352116,6466053.1409639,"CHT_TT","FF1-10-10",1
"23CHA081","31/07/2023",1,1,"1",0,"17",0,1,"C52",301,"300",2,0,"05",4,893243.6147243,6466025.6336411,"CHT_TT","FF1-10-10",1
"23CHA082","30/05/2023",1,1,"1",1,"23",0,1,"C52",665,"650",3,0,"24",4,880680.4491264,6465986.9051446,"RES_TT","FF2G61-61",1
"23CHA083","31/05/2023",1,1,"1",0,"23",0,4,"C52",680,"650",3,3,"62",6,881238.8120419,6465864.4481514,"RES_TT","FF2-00-00",1
"23CHA084","10/10/2023",1,1,"1",0,"9",1,1,"C52",539,"500",4,0,"10",3,871653.5819931,6465810.7196548,"FEU_H2","FF1-00-00",1
"23CHA085","21/06/2023",1,1,"1",0,"18",0,2,"C52",659,"650",3,0,"62",5,880308.2071828,6465649.534165,"RES_TT","FF2G61-61",1
"23CHA087","21/06/2023",1,1,"1",0,"20",0,3,"C52",662,"650",3,0,"62",5,880587.3886405,6465595.8056684,"RES_TT","FF2G61-61",1
"23CHA088","31/05/2023",1,1,"1",1,"23",0,2,"C52",684,"650",3,3,"62",6,881324.81556,6465572.8666361,"RES_TT","FF2-00-00",1
"23CHA089","21/06/2023",1,1,"1",1,"29",0,2,"C52",639,"600",2,3,"64",5,879377.6023237,6465562.0771718,"RES_TT","FF2-64-64",1
"23CHA090","21/06/2023",1,1,"1",0,"27",0,2,"C52",644,"600",3,0,"64",5,879749.8442673,6465434.6201786,"RES_TT","FF2-64-64",1
"23CHA093","20/03/2023",1,1,"1",0,"15",0,1,"C52",414,"400",2,0,"11",5,857508.3881348,6465165.9776957,"FEU_H3","FF1-00-00",1
"23CHA097","21/06/2023",1,1,"1",0,"20",0,1,"C52",637,"600",3,0,"03",5,879842.9047532,6465165.9776957,"FEU_H4","FF1-00-00",1
"23CHA098","21/06/2023",1,1,"1",0,"14",0,1,"C52",664,"650",3,0,"03",4,880587.3886405,6465165.9776957,"RES_TT","FF2-64-64",1
"23CHA099","05/05/2023",1,1,"1",0,"28",0,1,"C52",678,"650",2,0,"09",4,882820.8403023,6465165.9776957,"FEU_H4","FF1-00-00",1
"23CHA101","01/08/2023",1,1,"1",1,"15",0,1,"C52",595,"550",2,0,"10",5,876861.164978,6464307.5578182,"CHT_TT","FF1-10-10",1
"23CHA102","01/08/2023",1,1,"1",0,"39",0,2,"C52",601,"600",3,0,"64",6,879098.4208659,6464306.3217502,"RES_TT","FF2-64-64",1
"23CHA103","10/10/2023",1,1,"1",0,"17",0,1,"C52",660,"650",3,2,"03",4,880215.1466969,6464306.3217502,"FEU_H2","FF1-00-00",1
"23CHA104","04/10/2023",1,1,"1",1,"15",0,1,"C52",695,"650",4,0,"10",5,881334.2678487,6464323.1521524,"CHT_TT","FF1-10-10",1
"23CHA105","26/04/2023",1,1,"1",2,"18",0,1,"C52",570,"550",2,0,"10",6,882820.8403023,6464306.3217502,"FEU_H3","FF1-00",1
"23CHA106","04/05/2023",1,1,"1",3,"23",0,1,"C52",482,"450",2,0,"14",5,884317.5862515,6464314.0999248,"CHT_TT","FF1-10-10",1
"23CHA107","01/06/2023",1,1,"1",3,"21",0,1,"C52",553,"550",2,0,"10",6,885797.0350223,6464299.5416681,"CHT_TT","FF1-10-10",1
"23CHA108","04/10/2023",1,1,"1",0,"31",0,2,"C52",645,"600",3,0,"64",5,879935.9652391,6463822.7652809,"RES_TT","FF2-64-64",1
"23CHA111","22/09/2023",1,1,"1",1,"3",1,1,"C52",374,"350",2,0,"05",3,856044.1709516,6463450.1883356,"FEU_H2","FF1-00-00",1
"23CHA113","06/04/2023",1,1,"1",1,"27",0,1,"C52",487,"450",2,0,"10",5,866457.1873806,6463446.1946434,"CHT_TT","FF1-10-10",1
"23CHA114","08/06/2023",1,1,"1",1,"10",0,2,"C52",547,"500",2,0,"52",6,872436.5857257,6463440.5648606,"CHT_TT","FF1-10-10",1
"23CHA115","20/02/2023",1,1,"1",0,"19",0,2,"C52",650,"600",3,0,"62",6,879842.9047532,6463446.6658048,"RES_TT","FF2G61-61",1
"23CHA116","04/05/2023",1,1,"1",0,"9",0,1,"C52",679,"650",2,2,"10",3,881331.8725278,6463446.6658048,"CHT_TT","FF1-10-10",1
"23CHA117","02/08/2023",1,1,"1",0,"22",0,1,"C52",427,"400",2,0,"05",6,888776.7114006,6463446.6658048,"FEU_H4","FF1-00-00",1
"23CHA118","01/08/2023",1,1,"1",1,"12",0,1,"C52",358,"350",2,0,"11",4,893250.6112702,6463446.4459294,"FEU_H1","FF1-00-00",1
"23CHA120","08/06/2023",1,1,"1",1,"22",0,2,"C52",517,"500",2,0,"64",6,870953.4443234,6462998.4690273,"RES_TT","FF2-64-64",1
"23CHA121","01/08/2023",1,1,"1",1,"22",0,2,"C52",654,"650",3,3,"56",5,879077.4976226,6463023.6362059,"MIX_TT","FF32",1
"23CHA122","20/02/2023",1,1,"1",0,"25",0,2,"C52",672,"650",3,0,"56",6,879842.9047532,6463016.837832,"RES_TT","FF2G61-61",1
"23CHA123","24/03/2023",1,1,"1",0,"20",0,1,"C52",504,"500",2,0,"10",6,863464.259233,6462587.0098593,"FEU_H3","FF1-00-00",1
"23CHA124","12/10/2023",1,1,"1",0,"5",1,1,"C52",507,"500",2,1,"03",3,869420.1303313,6462587.0098593,"FEU_H1","FF1-00-00",1
"23CHA125","01/08/2023",1,1,"1",0,"11",0,1,"C52",584,"550",2,0,"10",5,873887.033655,6462587.0098593,"CHT_TT","FF1-10-10",1
"23CHA126","05/10/2023",1,1,"1",0,"21",0,1,"C52",621,"600",2,0,"10",4,875376.0014295,6462587.0098593,"FEU_H4","FF1-00-00",1
"23CHA128","20/02/2023",1,1,"1",0,"14",0,2,"C52",661,"650",2,0,"10",5,879842.9047532,6462587.0098593,"FEU_H1","FF1-00-00",1
"23CHA129","31/05/2023",0,2,"1",0,NA,NA,NA,"C52",532,"500",2,NA,NA,NA,882820.8403023,6462587.0098593,"CHT_TT","FF1-10-10",1
"23CHA131","06/04/2023",1,1,"1",1,"14",0,2,"C52",514,"500",4,0,"53",5,866531.776495,6462530.7538861,"RES_TT","FF2G53-53",1
"23CHA133","06/04/2023",1,1,"1",0,"17",0,1,"C52",515,"500",4,0,"10",5,866442.1947821,6462157.1818866,"MIX_TT","FF31",1
"23CHA134","08/06/2023",1,1,"1",0,"18",0,4,"C52",550,"550",3,0,"52",5,872398.0658804,6462157.1818866,"RES_TT","FF2-80-80",1
"23CHA136","19/06/2023",1,1,"1",1,"2",1,1,"C52",425,"400",2,1,"24",3,858987.4272121,6461704.4100482,"FEU_H4","FF1-00-00",1
"23CHA137","19/10/2023",1,1,"1",0,"19",0,1,"C52",448,"400",2,0,"05",6,863464.259233,6461727.3539138,"FEU_H3","FF1-00-00",1
"23CHA140","08/06/2023",1,1,"1",0,"21",0,1,"C52",600,"600",3,0,"03",4,873887.033655,6461727.3539138,"FEU_H2","FF1-00-00",1
"23CHA142","01/08/2023",1,1,"1",0,"19",0,4,"C52",638,"600",4,0,"52",4,879842.9047532,6461727.3539138,"FEU_H2","FF1G01-01",1
"23CHA145","04/10/2023",1,1,"1",0,"10",0,2,"C52",623,"600",1,0,"52",6,877144.1506618,6460921.4264649,"RES_TT","FF2-00-00",1
"23CHA146","10/05/2023",0,6,"6A",0,NA,NA,NA,"C52",264,"250",2,NA,NA,NA,854530.4525856,6460867.6979684,"FEU_H1","FF1-00-00",1
"23CHA148","06/04/2023",1,1,"1",0,"17",0,1,"C52",421,"400",2,3,"14",5,864953.2270076,6460867.6979684,"FEU_H3","FF1-00-00",1
"23CHA149","04/10/2023",1,1,"1",1,"8",0,1,"C52",594,"550",2,2,"10",3,879853.9890754,6460860.905487,"FEU_H1","FF1-00-00",1
"23CHA153","05/10/2023",1,1,"1",0,"17",0,1,"C52",576,"550",2,0,"13",6,875748.2433732,6460437.8699956,"FEU_H2","FF1-00-00",1
"23CHA154","04/10/2023",1,1,"1",1,"14",0,1,"C52",652,"650",2,0,"10",5,877606.7739574,6460442.0916353,"MIX_TT","FF31",1
"23CHA156","12/10/2023",1,1,"1",1,NA,2,NA,"C52",477,"450",2,NA,NA,NA,866417.1947821,6460008.0420229,"FEU_H1","FF1-00-00",1
"23CHA159","01/06/2023",1,1,"1",0,"14",0,1,"C52",393,"350",2,0,"14",4,885798.7758515,6460008.0420229,"FEU_H2","FF1-00-00",1
"23CHA160","20/10/2023",1,1,"1",1,"15",0,1,"C52",498,"450",2,0,"05",5,882842.5560902,6459805.5145032,"FEU_H2","FF1-00-00",1
"23CHA161","19/10/2023",1,1,"1",0,"17",0,1,"C52",345,"300",2,0,"10",6,857508.3881348,6459578.2140502,"MIX_TT","FF31",1
"23CHA162","01/08/2023",1,1,"1",0,"16",0,4,"C52",631,"600",4,0,"52",5,876120.4853168,6459578.2140502,"MIX_TT","FF32",1
"23CHA165","02/08/2023",1,1,"1",0,"21",0,1,"C52",501,"500",2,0,"10",5,869420.1303313,6459148.3860774,"FEU_H3","FF1-00-00",1
"23CHA166","07/06/2023",1,1,"1",0,"22",0,1,"C52",473,"450",3,0,"09",6,870909.0981058,6459148.3860774,"FEU_H3","FF1-00-00",1
"23CHA167","07/06/2023",1,1,"1",1,"1",0,1,"C52",525,"500",2,0,"03",3,869436.1224362,6458719.0606768,"RES_TT","FF2G53-53",1
"23CHA169","10/05/2023",0,6,"6A",0,NA,NA,NA,"C52",332,"300",2,NA,NA,NA,847085.6137128,6458288.730132,"FEU_H2","FF1-00-00",1
"23CHA170","07/06/2023",1,1,"1",0,"18",0,1,"C52",507,"500",3,3,"10",5,870909.0981058,6458288.730132,"FEU_H4","FF1-00-00",1
"23CHA171","12/10/2023",1,1,"1",0,"20",0,1,"C52",556,"550",2,0,"03",6,872398.0658804,6458288.730132,"CHT_TT","FF1-10-10",1
"23CHA174","22/09/2023",1,1,"1",1,"3",1,1,"C52",271,"250",2,0,"05",3,853781.2841655,6457834.344978,"MIX_TT","FF31",1
"23CHA175","09/05/2023",1,1,"1",0,"14",0,1,"C52",320,"300",2,0,"14",5,844107.6781637,6457429.0741865,"FEU_H3","FF1-00-00",1
"23CHA176","24/03/2023",0,6,"6A",0,NA,NA,NA,"C52",423,"400",2,NA,NA,NA,863464.259233,6457429.0741865,"FEU_H1","FF1-00",1
"23CHA177","02/08/2023",1,1,"1",1,"5",1,1,"C52",397,"350",2,0,"17",2,882817.2311839,6457474.9323839,"FEU_H1","FF1-00-00",1
"23CHA180","02/08/2023",1,1,"1",1,"9",0,1,"C52",526,"500",2,0,"05",2,869423.5744822,6457007.5611296,"RES_TT","FF2G53-53",1
"23CHA182","10/05/2023",0,2,"1",0,NA,NA,NA,"C52",273,"250",2,NA,NA,NA,853785.9686984,6456569.418241,"MIX_TT","FF32",1
"23CHA183","12/10/2023",1,1,"1",0,"20",0,1,"C52",549,"500",2,0,"03",6,870909.0981058,6456569.418241,"FEU_H2","FF1-00-00",1
"23CHA184","28/06/2023",1,1,"1",1,"18",0,1,"C52",344,"300",2,0,"10",6,882814.2434761,6456593.5321765,"FEU_H4","FF1-00-00",1
"23CHA188","19/10/2023",1,1,"1",1,"23",0,1,"C52",331,"300",2,0,"14",6,857150.2065609,6456130.0348509,"FEU_H2","FF1-00-00",1
"23CHA190","09/05/2023",1,1,"1",1,"17",0,2,"C52",176,"150",2,0,"65",6,842603.0557173,6455699.4790982,"RES_TT","FF2-91-91",1
"23CHA193","12/10/2023",1,1,"1",0,"13",0,1,"C52",530,"500",2,0,"24",5,870909.0981058,6455709.7622956,"FEU_H3","FF1-00-00",1
"23CHA194","15/06/2023",1,1,"1",0,"18",0,4,"C52",554,"550",4,0,"51",5,871653.5819931,6455709.7622956,"MIX_TT","FF31",1
"23CHA195","15/06/2023",1,1,"1",0,"14",0,1,"C52",575,"550",4,0,"10",6,872398.0658804,6455709.7622956,"FEU_H3","FF1-00-00",1
"23CHA197","01/08/2023",1,1,"1",0,"6",1,1,"C52",451,"450",2,0,"10",2,876864.9692041,6455709.7622956,"CHT_TT","FF1-10-10",1
"23CHA198","02/08/2023",1,1,"1",1,"11",0,1,"C52",428,"400",2,0,"10",6,885797.786616,6455688.7856082,"CHT_TT","FF1-10-10",1
"23CHA199","21/06/2023",1,1,"1",0,"11",0,4,"C52",318,"300",2,0,"52",6,855274.9364729,6455279.9343228,"MIX_TT","FF32",1
"23CHA201","20/06/2023",1,1,"1",0,"10",0,2,"C52",335,"300",2,0,"52",6,858997.3559093,6455279.9343228,"MIX_TT","FF31",1
"23CHA203","03/10/2023",1,1,"3",0,"17",0,1,"C52",182,"150",2,0,"31",5,887287.743626,6455065.0203365,"FEU_H2","FF1-00-00",1
"23CHA204","12/10/2023",1,1,"1",1,"19",0,2,"C52",507,"500",4,3,"51",5,870227.9056002,6454895.1861224,"RES_TT","FF2-52-52",1
"23CHA205","21/06/2023",1,1,"1",0,"17",0,1,"C52",228,"200",2,0,"05",6,850063.549262,6454850.1063501,"FEU_H2","FF1-00-00",1
"23CHA206","22/09/2023",1,1,"1",0,"8",0,1,"C52",308,"300",2,0,"17",2,852297.0009238,6454850.1063501,"MIX_TT","FF31",1
"23CHA207","24/03/2023",1,1,"1",0,"18",0,1,"C52",349,"300",4,3,"03",5,861975.2914585,6454850.1063501,"FEU_H4","FF1-00-00",1
"23CHA208","15/06/2023",1,1,"1",0,"21",0,4,"C52",545,"500",4,3,"51",6,871653.5819931,6454850.1063501,"MIX_TT","FF32",1
"23CHA209","22/09/2023",1,1,"3",0,"8",0,1,"C52",303,"300",2,0,"05",3,853041.4848111,6454635.1923637,"FEU_H2","FF1-00-00",1
"23CHA210","21/06/2023",1,1,"1",0,"13",0,4,"C52",334,"300",2,0,"52",6,854530.4525856,6454420.2783774,"MIX_TT","FF31",1
"23CHA214","24/03/2023",1,1,"1",0,"32",0,2,"C52",326,"300",4,0,"64",6,861975.2914585,6454420.2783774,"RES_TT","FF2-64-64",1
"23CHA215","30/05/2023",1,1,"1",0,"14",0,1,"C52",437,"400",2,0,"10",5,864953.2270076,6453990.4504046,"FEU_H3","FF1-00-00",1
"23CHA216","02/08/2023",1,1,"1",0,"20",0,1,"C52",518,"500",2,0,"10",6,872398.0658804,6453990.4504046,"CHT_TT","FF1-10-10",1
"23CHA217","02/08/2023",1,1,"1",0,"17",0,1,"C52",329,"300",2,0,"10",4,879842.9047532,6453990.4504046,"CHT_TT","FF1-10-10",1
"23CHA221","22/09/2023",1,1,"1",3,"8",0,1,"C52",280,"250",2,0,"05",3,854536.2868052,6453132.1951314,"FEU_H1","FF1-00-00",1
"23CHA222","04/10/2023",1,1,"1",1,"4",1,1,"C52",394,"350",2,1,"14",3,864956.6332419,6453138.0330756,"FEU_H2","FF1-00-00",1
"23CHA224","28/06/2023",1,1,"1",0,"21",0,1,"C52",320,"300",2,0,"10",6,879842.9047532,6453130.7944592,"FEU_H4","FF1-00-00",1
"23CHA225","21/06/2023",1,1,"1",0,"7",0,1,"C52",325,"300",2,0,"05",3,852297.0009238,6452700.9664864,"MIX_TT","FF31",1
"23CHA226","20/06/2023",1,1,"1",0,"13",0,1,"C52",325,"300",4,0,"05",6,857508.3881348,6452700.9664864,"MIX_TT","FF31",1
"23CHA228","20/06/2023",1,1,"1",0,"10",0,2,"C52",300,"250",2,0,"65",6,858159.8115361,6452324.8670103,"RES_TT","FF2-91-91",1
"23CHA229","09/05/2023",1,1,"1",0,"13",0,1,"C52",175,"150",2,0,"05",5,844107.6781637,6452271.1385137,"FEU_H3","FF1-00-00",1
"23CHA230","20/06/2023",1,1,"1",0,"14",0,1,"C52",307,"300",2,0,"22",6,858252.8720221,6452271.1385137,"MIX_TT","FF32",1
"23CHA231","12/10/2023",1,1,"1",0,NA,2,NA,"C52",398,"350",2,NA,NA,NA,873887.033655,6452271.1385137,"CHT_TT","FF1-10-10",1
"23CHA232","12/10/2023",1,1,"1",1,NA,2,NA,"C52",354,"350",2,NA,NA,NA,875364.651667,6452248.8633506,"CHT_TT","FF1-10-10",1
"23CHA233","28/06/2023",1,1,"1",0,"19",0,1,"C52",368,"350",2,0,"20",5,878353.9369787,6452271.1385137,"FEU_H3","FF1-00-00",1
"23CHA234","22/09/2023",1,1,"1",1,"3",1,1,"C52",258,"250",2,0,"05",3,851468.2934217,6452133.3391247,"RES_TT","FF2-51-51",1
"23CHA235","11/05/2023",1,1,"1",0,"14",0,1,"C52",262,"250",2,0,"05",6,844107.6781637,6451411.4825682,"FEU_H2","FF1-00-00",1
"23CHA236","11/05/2023",1,1,"1",0,"17",0,1,"C52",222,"200",2,0,"14",5,845596.6459383,6451411.4825682,"FEU_H3","FF1-00-00",1
"23CHA238","02/06/2023",1,1,"1",1,"20",0,1,"C52",341,"300",2,0,"14",5,863454.4670049,6451413.5104412,"FEU_H3","FF1-00-00",1
"23CHA239","04/10/2023",1,1,"1",0,"5",1,1,"C52",404,"400",2,1,"10",3,863836.5011767,6451411.4825682,"FEU_H2","FF1-00-00",1
"23CHA240","04/10/2023",1,1,"1",0,"18",0,1,"C52",467,"450",2,0,"10",6,864953.2270076,6451411.4825682,"FEU_H4","FF1-00-00",1
"23CHA241","12/10/2023",1,1,"1",1,"18",0,1,"C52",333,"300",2,0,"17",6,869392.0670104,6451422.0868136,"FEU_H3","FF1-00-00",1
"23CHA242","20/10/2023",1,1,"1",0,"12",0,1,"C52",255,"250",2,0,"03",5,843735.4362201,6450981.6545955,"FEU_H2","FF1-00-00",1
"23CHA244","11/05/2023",0,2,"1",0,NA,NA,NA,"C52",352,"350",2,NA,NA,NA,844107.6781637,6450551.8266228,"FEU_H1","FF1-00-00",1
"23CHA245","02/06/2023",1,1,"1",0,"19",0,3,"C52",324,"300",2,0,"02",4,861230.8075712,6450551.8266228,"RES_TT","FF2-52-52",1
"23CHA246","04/10/2023",1,1,"1",1,"2",1,1,"C52",286,"250",2,1,"14",3,869052.2230724,6450413.8947174,"FEU_H2","FF1-00-00",1
"23CHA247","04/10/2023",1,1,"1",1,"15",0,1,"C52",371,"350",2,0,"03",4,866455.55988,6450115.1887926,"MIX_TT","FF31",1
"23CHA248","19/10/2023",1,1,"1",1,"4",1,1,"C52",216,"200",2,1,"19",2,857483.9902157,6449697.6242583,"FEU_H4","FF1-00-00",1
"23CHA251","04/10/2023",1,1,"1",1,"16",0,1,"C52",385,"350",2,0,"03",6,867914.9140755,6449687.1719918,"FEU_H4","FF1-00",1
"23CHA252","24/05/2023",1,1,"1",1,"22",0,1,"C52",264,"250",2,0,"02",6,869422.6024672,6449699.7791294,"FEU_H3","FF1-00-00",1
"23CHA255","20/10/2023",1,1,"1",0,"9",0,1,"C52",233,"200",2,0,"14",2,850063.549262,6448832.5147318,"FEU_H1","FF1-00-00",1
"23CHA256","12/10/2023",1,1,"3",0,"17",0,1,"C52",273,"250",2,0,"33",4,860486.3236839,6448832.5147318,"FEU_H3","FF1-00-00",1
"23CHA257","24/05/2023",1,1,"1",1,"14",0,1,"C52",246,"200",2,0,"20",5,869415.1303313,6448402.6867591,"MIX_TT","FF31",1
"23CHA258","11/05/2023",1,1,"1",0,"3",1,1,"C52",291,"250",2,2,"14",3,847085.6137128,6447972.8587864,"FEU_H4","FF1-00-00",1
"23CHA260","23/03/2023",1,1,"3",1,"15",0,2,"C52",293,"250",2,1,"51",6,860486.8889613,6447960.8721079,"RES_TT","FO2",1
"23CHA261","24/05/2023",1,1,"1",0,"21",0,1,"C52",290,"250",2,0,"02",6,867931.1625567,6447972.8587864,"FEU_H4","FF1-00-00",1
"23CHA264","19/10/2023",1,1,"1",0,"12",0,1,"C52",288,"250",2,0,"05",6,857136.1461911,6447757.9448,"FEU_H2","FF1-00-00",1
"23CHA265","23/03/2023",0,2,"1",0,NA,NA,NA,"C52",334,"300",2,NA,NA,NA,862719.7753457,6447543.0308137,"MIX_TT","FF32",1
"23CHA266","21/03/2023",1,1,"1",0,"16",0,1,"C52",298,"250",2,0,"10",6,858997.3559093,6447113.2028409,"CHT_TT","FF1-10-10",1
"23CHA268","04/10/2023",1,1,"1",0,"11",0,1,"C52",314,"300",2,0,"03",5,861975.2914585,6447113.2028409,"FEU_H1","FF1G01-01",1
"23CHA270","12/10/2023",1,1,"1",1,"3",1,1,"C52",249,"200",2,5,"01",1,869445.3416745,6447127.0628941,"FEU_H1","FF1-00-00",1
"23CHA271","27/02/2023",1,1,"3",0,"9",0,1,"C52",348,"300",2,0,"05",3,870909.0981058,6447113.2028409,"FEU_H1","FF1-00-00",1
"23CHA272","23/05/2023",1,1,"1",1,"16",0,1,"C52",252,"250",2,0,"10",6,875354.0692482,6447114.928941,"FEU_H3","FF1-00-00",1
"23CHA274","19/10/2023",1,1,"3",1,"12",0,1,"C52",201,"200",2,0,"05",6,854505.5019174,6446899.8586175,"FEU_H2","FF1-00",1
"23CHA275","23/05/2023",0,2,"1",0,NA,NA,NA,"C52",163,"150",2,NA,NA,NA,878726.1789223,6446898.2888546,"FEU_H2","FF1-00-00",1
"23CHA276","21/03/2023",1,1,"1",0,"0",1,4,"C52",242,"200",4,1,"51",2,858252.8720221,6446683.3748682,"MIX_TT","FF31",1
"23CHA277","21/03/2023",1,1,"1",0,"15",0,1,"C52",272,"250",2,0,"05",6,858997.3559093,6446683.3748682,"MIX_TT","FF31",1
"23CHA279","11/05/2023",1,1,"1",0,"10",0,1,"C52",247,"200",2,0,"05",5,845596.6459383,6446253.5468955,"FEU_H1","FF1G01-01",1
"23CHA280","21/03/2023",1,1,"1",1,"14",0,1,"C52",258,"250",2,1,"05",6,858993.3108244,6446256.4858217,"FEU_H2","FF1-00-00",1
"23CHA281","27/02/2023",1,1,"1",0,"15",0,1,"C52",309,"300",2,0,"03",6,870909.0981058,6446253.5468955,"FEU_H2","FF1-00-00",1
"23CHA282","23/05/2023",0,2,"1",0,NA,NA,NA,"C52",203,"200",2,NA,NA,NA,878353.9369787,6446253.5468955,"FEU_H1","FF1-00-00",1
"23CHA283","27/02/2023",1,1,"1",0,"16",0,1,"C52",277,"250",2,0,"17",6,870909.0981058,6445393.89095,"FEU_H3","FF1-00-00",1
"23CHA285","23/03/2023",1,1,"1",0,"15",0,1,"C52",256,"250",2,0,"05",6,862719.7753457,6444964.0629773,"MIX_TT","FF32",1
"23CHA286","19/10/2023",1,1,"1",0,"13",0,1,"C52",188,"150",2,0,"05",5,854530.4525856,6444534.2350045,"FEU_H1","FF1-00-00",1
"23CHA287","12/05/2023",0,2,"1",0,NA,NA,NA,"C52",208,"200",2,NA,NA,NA,856019.4203602,6444534.2350045,"FEU_H2","FF1-00-00",1
"23CHA289","23/03/2023",1,1,"1",0,"13",0,3,"C52",247,"200",2,0,"05",6,861975.2914585,6444104.4070318,"MIX_TT","FF32",1
"23CHA290","12/05/2023",1,1,"1",1,"15",0,1,"C52",258,"250",2,0,"14",5,857505.0108231,6443672.4357519,"FEU_H1","FF1-00-00",1
"23CHA291","12/10/2023",1,1,"1",3,"30",0,1,"C52",178,"150",2,0,"33",6,860487.3248645,6443668.2578537,"FEU_H4","FF1-00-00",1
"23CHA292","23/05/2023",1,1,"1",0,"25",0,1,"C52",196,"150",2,0,"02",5,876864.9692041,6443674.5790591,"FEU_H3","FF1-00",1
"23CHA293","12/05/2023",1,1,"1",0,"16",0,1,"C52",225,"200",2,0,"10",6,856763.9042475,6443029.8371,"FEU_H2","FF1-00-00",1
"23CHA294","12/05/2023",1,1,"1",0,"3",1,1,"C52",227,"200",2,1,"05",3,853041.4848111,6442814.9231136,"FEU_H2","FF1-00-00",1
