"","npp","ser_86","esspre","sver","vh","hm"
"1","20-54-264-1-052T","D11","61","6",301.85640661823,27.8
"2","20-54-264-1-054T","D11","61","6",436.981660844597,31.5
"3","20-54-265-1-049T","D11","61","4",338.13488536676,29.6
"4","20-54-265-1-053T","D11","61","5",193.663136382919,31.3
"5","20-54-266-1-048T","D11","64","6",676.266082365847,31.1
"6","20-54-267-1-049T","D11","61","5",524.046537610399,31.3
"7","20-57-265-1-047T","D11","12","6",135.831604094521,22.1
"8","20-57-267-1-031T","D11","62","6",692.009286216061,35.1
"9","20-57-267-1-033T","D11","09","6",337.436769253857,32.6
"10","20-57-267-1-047T","D11","62","6",65.7315085854272,11.7
"11","20-57-268-1-026T","D11","29","4",8.66029952870278,7.8
"12","20-57-268-1-028T","D11","52","5",224.625559153873,29.4
"13","20-57-268-1-030T","D11","09","5",371.101599767924,38.6
"14","20-57-268-1-042T","D11","64","6",220.473457416974,32.7
"15","20-57-268-1-044T","D11","09","6",230.268413025968,25.8
"16","20-57-268-1-046T","D11","52","4",91.6230594620144,17.6
"17","20-57-268-1-048T","D11","61","6",589.064934468468,38.6
"18","20-57-269-1-027T","D11","03","4",71.1445572018521,31.1
"19","20-57-269-1-029T","D11","03","6",209.688665644814,34.7
"20","20-57-269-1-031T","D11","09","6",155.493639326068,24.5
"21","20-57-269-1-041T","D11","09","6",222.395260382577,19.7
"22","20-57-269-1-043T","D11","61","6",509.135367291895,32.5
"23","20-57-269-1-045T","D11","09","4",53.7846587056601,23.2
"24","20-57-269-1-047T","D11","61","5",449.516096617592,34.3
"25","20-57-270-1-028T","D11","52","6",467.02848171174,26.1
"26","20-57-271-1-027T","D11","52","6",313.11257619758,23
"27","20-57-271-1-029T","D11","03","6",317.832203736504,30.4
"28","20-57-271-1-031T","D11","09","6",151.040386965537,19.5
"29","20-57-272-1-028T","D11","19","5",292.807833222491,32.2
"30","20-67-268-1-034T","D11","52","5",316.715282181768,32.3
"31","20-67-269-1-033T","D11","52","6",330.130450771089,34.5
"32","20-67-269-1-037T","D11","52","4",49.3125421968004,11.8
"33","20-67-269-1-051T","D11","62","6",370.815625505368,27.8
"34","20-67-270-1-032T","D11","04","6",202.972533300056,27.3
"35","20-67-270-1-036T","D11","52","6",126.186385983173,17.1
"36","20-67-270-1-040T","D11","09","4",53.3157897632635,22.3
"37","20-67-270-1-048T","D11","09","6",288.954438911858,31.2
"38","20-67-271-1-033T","D11","52","6",148.942574438659,16.7
"39","20-67-271-1-043T","D11","09","5",196.422256456972,28.2
"40","20-67-271-1-045T","D11","61","4",422.524130535784,36
"41","20-67-271-1-047T","D11","62","6",350.254302245999,26.7
"42","20-67-271-1-051T","D11","09","5",427.623170216573,33.4
"43","20-67-271-1-053T","D11","12","4",84.3827934700854,17.5
"44","20-67-272-1-044T","D11","64","6",532.863509411452,32.6
"45","20-67-272-1-046T","D11","61","6",207.327459802126,18.1
"46","20-67-272-1-050T","D11","15","4",181.775391205971,23.8
"47","20-67-272-1-054T","D11","62","6",550.536864297261,22.9
"48","20-67-273-1-027T","D11","52","4",294.960017450292,35.2
"49","20-67-273-1-029T","D11","09","6",140.664435572519,28
"50","20-67-273-1-031T","D11","64","6",325.441215160786,22.6
"51","20-67-273-1-049T","D11","61","6",425.501538418541,32.1
"52","20-67-273-1-051T","D11","09","2",30.7022384452863,9.5
"53","20-67-273-1-053T","D11","17","5",360.785382499682,17.2
"54","20-67-274-1-028T","D11","62","4",325.742669349882,44.9
"55","20-67-274-1-048T","D11","09","5",416.304378325806,32.7
"56","20-67-274-1-052T","D11","17","5",102.958005507658,20.7
"57","20-67-275-1-027T","D11","09","6",158.324139127818,25.2
"58","20-67-275-1-049T","D11","03","6",312.42971429439,24.6
"59","20-67-275-1-051T","D11","09","4",101.07935430228,22.6
"60","20-67-276-1-026T","D11","52","6",281.416427632548,28.8
"61","20-67-276-1-050T","D11","64","6",431.536454292858,28.2
"62","20-67-276-1-052T","D11","15","5",114.347832833748,17.7
"63","20-67-276-1-054T","D11","52","5",575.08043245257,28.3
"64","20-67-277-1-053T","D11","03","6",247.112090031919,22.3
"65","20-67-277-1-055T","D11","09","4",46.587649040966,13.5
"66","20-68-272-1-070T","D11","61","6",285.421852010923,32
"67","20-68-272-1-074T","D11","61","6",426.747115341778,35.3
"68","20-68-273-1-059T","D11","61","5",738.093993636932,27.1
"69","20-68-273-1-061T","D11","62","5",250.39991913915,24.3
"70","20-68-273-1-065T","D11","62","4",9.60486218767205,7.6
"71","20-68-273-1-067T","D11","61","4",50.0642712455684,19.4
"72","20-68-273-1-073T","D11","62","6",444.150825482855,29.7
"73","20-68-274-1-056T","D11","03","5",255.784040911236,25.7
"74","20-68-274-1-068T","D11","62","6",360.146208225706,25.6
"75","20-68-274-1-072T","D11","09","5",394.773578903836,32.1
"76","20-68-275-1-055T","D11","09","5",443.524092094106,31
"77","20-68-275-1-059T","D11","62","5",419.383159791074,31.8
"78","20-68-275-1-061T","D11","52","6",355.396574537108,19.9
"79","20-68-275-1-063T","D11","62","6",784.904702637742,29.4
"80","20-68-275-1-065T","D11","61","6",421.008985182908,20.5
"81","20-68-275-1-067T","D11","12","4",22.6405519928994,17.8
"82","20-68-275-1-069T","D11","09","5",373.638892047615,29.6
"83","20-68-275-1-073T","D11","09","5",362.464671103721,24.3
"84","20-68-275-1-075T","D11","09","5",396.071555348873,37.4
"85","20-68-276-1-056T","D11","52","5",479.342429315382,32.4
"86","20-68-276-1-058T","D11","09","6",314.506470163581,31.4
"87","20-68-276-1-060T","D11","14","5",37.5423057945689,18.8
"88","20-68-276-1-062T","D11","03","5",306.660294756152,23.4
"89","20-68-276-1-066T","D11","62","6",443.269778746234,22.3
"90","20-68-276-1-068T","D11","61","6",636.174094709738,34.1
"91","20-68-276-1-072T","D11","61","4",238.731569856014,42.6
"92","20-68-276-1-074T","D11","03","5",559.661922843113,25.6
"93","20-68-277-1-061T","D11","10","5",170.913659219446,29.5
"94","20-68-277-1-063T","D11","03","4",49.1118224686192,14.8
"95","20-68-277-1-065T","D11","15","6",258.331241830406,29.5
"96","20-68-277-1-067T","D11","03","5",104.853713156646,15.6
"97","20-68-277-1-069T","D11","13","6",34.8911233018898,24.6
"98","20-68-277-1-071T","D11","17","6",229.273389400386,26.6
"99","20-68-278-1-068T","D11","52","5",390.649133729566,23.9
"100","20-70-264-1-074T","D11","62","4",122.243060732174,27.3
"101","20-70-264-1-076T","D11","61","4",1.08362091790251,5.8
"102","20-70-268-1-074T","D11","62","5",568.448874771492,33.5
"103","20-70-268-1-076T","D11","61","4",216.366033517098,26.9
"104","20-70-269-1-075T","D11","17","4",182.986681264847,25.3
"105","20-70-270-1-076T","D11","09","5",496.904357923068,33.9
"106","20-88-262-1-056T","D11","09","5",84.7320215570099,12.2
"107","20-88-263-1-057T","D11","52","4",81.4461004207471,12.7
"108","20-88-263-1-059T","D11","61","5",228.461984847703,27.9
"109","20-88-263-1-069T","D11","61","5",530.513328171953,37.9
"110","20-88-264-1-058T","D11","52","6",553.116169436586,24.5
"111","20-88-264-1-062T","D11","61","6",577.330203423581,28.2
"112","20-88-264-1-068T","D11","62","6",279.598728446531,27.6
"113","20-88-265-1-057T","D11","02","5",54.7043994227154,13.4
"114","20-88-265-1-059T","D11","61","6",358.901669978351,20.3
"115","20-88-265-1-061T","D11","61","5",296.806872437316,23.3
"116","20-88-265-1-065T","D11","62","6",848.362032109358,37.7
"117","20-88-265-1-067T","D11","61","4",307.306922392069,27
"118","20-88-265-1-071T","D11","03","5",224.048542556531,22.3
"119","20-88-266-1-052T","D11","61","6",591.296283600818,24.8
"120","20-88-266-1-056T","D11","61","4",84.0252167034362,16.9
"121","20-88-266-1-060T","D11","62","4",689.874944149853,33.2
"122","20-88-267-1-051T","D11","61","6",759.106351458614,34.1
"123","20-88-267-1-053T","D11","61","5",758.430749988908,41
"124","20-88-267-1-055T","D11","62","4",41.7441958204647,9.8
"125","20-88-267-1-057T","D11","61","4",542.191508713165,39.8
"126","20-88-267-1-059T","D11","61","4",191.190896647932,16.5
"127","20-88-267-1-061T","D11","61","4",104.305813880454,27
"128","20-88-267-1-065T","D11","61","4",748.208675219962,38.4
"129","20-88-267-1-067T","D11","61","6",280.040138188654,24.8
"130","20-88-267-1-069T","D11","62","6",367.139275566611,31.6
"131","20-88-267-1-071T","D11","61","6",323.129962437115,19.6
"132","20-88-267-1-073T","D11","09","4",188.926807406803,25.1
"133","20-88-268-1-050T","D11","61","4",144.282405934485,17.1
"134","20-88-268-1-052T","D11","61","5",458.599098572312,33.7
"135","20-88-268-1-054T","D11","61","5",229.996602078808,21.7
"136","20-88-268-1-056T","D11","61","5",239.688168335689,22.8
"137","20-88-268-1-060T","D11","61","4",79.6078036626924,15.4
"138","20-88-268-1-064T","D11","61","5",846.461077013349,38.8
"139","20-88-268-1-066T","D11","61","4",270.610206016944,32.9
"140","20-88-268-1-068T","D11","62","6",445.644930850915,30.3
"141","20-88-269-1-053T","D11","15","4",71.0741826592307,14.6
"142","20-88-269-1-055T","D11","15","4",136.095006267573,22.5
"143","20-88-269-1-057T","D11","52","4",218.966933331664,24.5
"144","20-88-269-1-059T","D11","25","4",27.924549435201,14.3
"145","20-88-269-1-063T","D11","15","4",187.63614779337,27.6
"146","20-88-269-1-067T","D11","09","5",331.607337251961,41.7
"147","20-88-269-1-069T","D11","02","4",158.582508507888,20.5
"148","20-88-269-1-071T","D11","02","4",198.183304045031,26
"149","20-88-270-1-060T","D11","61","6",719.77429150625,40.8
"150","20-88-270-1-064T","D11","61","4",215.981648415733,35.4
"151","20-88-271-1-057T","D11","61","5",714.773760957135,36.4
"152","20-88-271-1-063T","D11","09","4",318.110478368922,27.3
"153","20-88-271-1-065T","D11","09","6",293.590436812308,25.2
"154","20-88-271-1-069T","D11","61","5",496.844318093158,29.4
"155","20-88-271-1-073T","D11","61","6",444.675985816112,31.7
"156","20-88-272-1-056T","D11","09","5",162.872223300486,25.7
"157","20-88-272-1-058T","D11","62","6",687.529242049546,31.1
"158","20-88-272-1-060T","D11","09","4",110.554868158672,24.7
"159","20-88-272-1-066T","D11","09","5",261.083134611292,17.7
"160","20-88-272-1-072T","D11","09","4",53.3248760761875,14.3
"161","20-90-271-1-077T","D11","09","5",172.78017880965,31.1
"162","20-90-272-1-076T","D11","61","5",427.887891865724,31.2
"163","20-90-273-1-075T","D11","09","5",456.966822772096,24.5
"164","20-90-274-1-076T","D11","62","6",317.694484966926,28
"165","21-54-260-1-055T","D11","61","4",71.2473938682597,13.1
"166","21-54-261-1-053T","D11","19","5",133.421024767679,23.8
"167","21-54-261-1-054T","D11","61","4",207.208287008682,31.3
"168","21-54-262-1-053T","D11","12","5",96.6146160204259,23.9
"169","21-54-263-1-048T","D11","61","6",494.110725208053,32.3
"170","21-54-263-1-050T","D11","61","6",157.015733006516,23.5
"171","21-54-263-1-052T","D11","52","5",289.838377662517,35.5
"172","21-54-263-1-054T","D11","61","6",131.703262303333,14
"173","21-54-264-1-049T","D11","64","6",128.281352108868,21.7
"174","21-54-264-1-051T","D11","61","6",249.187589808017,27.5
"175","21-54-265-1-050T","D11","61","4",197.278270474085,30.7
"176","21-57-265-1-032T","D11","62","6",167.318284514952,20.3
"177","21-57-265-1-044T","D11","64","6",108.61839053051,15.7
"178","21-57-265-1-046T","D11","09","5",301.632400881199,27.8
"179","21-57-265-1-048T","D11","61","6",636.820208037571,38.1
"180","21-57-266-1-045T","D11","09","6",298.539999566999,37.3
"181","21-57-267-1-026T","D11","09","5",650.468368738963,33.9
"182","21-57-267-1-028T","D11","03","6",206.515856183194,26.7
"183","21-57-267-1-030T","D11","09","4",53.8717361832518,25.9
"184","21-57-267-1-032T","D11","52","5",361.955010581851,30
"185","21-57-267-1-042T","D11","09","5",141.406321640749,32.6
"186","21-57-267-1-044T","D11","52","4",109.825237222678,26
"187","21-57-267-1-046T","D11","62","6",378.865809400153,30.8
"188","21-57-267-1-048T","D11","61","6",905.435692516155,33.7
"189","21-57-268-1-027T","D11","03","5",323.106929352745,27.3
"190","21-57-268-1-029T","D11","09","5",121.507833770515,34.2
"191","21-57-268-1-031T","D11","09","6",97.9586579718203,33.5
"192","21-57-268-1-045T","D11","52","6",425.092804974473,26.9
"193","21-57-268-1-047T","D11","61","6",507.045409665312,31.1
"194","21-57-269-1-028T","D11","03","5",240.231463664274,23.3
"195","21-57-269-1-030T","D11","03","6",131.98222344867,28.6
"196","21-57-270-1-029T","D11","03","6",459.841428998382,20.7
"197","21-67-266-1-033T","D11","03","5",425.256562865458,30
"198","21-67-266-1-049T","D11","61","4",180.584639347547,31.5
"199","21-67-267-1-034T","D11","52","6",461.446644689283,32.5
"200","21-67-267-1-036T","D11","11","6",130.053986357772,28.5
"201","21-67-267-1-038T","D11","64","6",658.632175486791,44
"202","21-67-268-1-035T","D11","62","5",116.351786796199,33
"203","21-67-268-1-037T","D11","09","5",176.233062818071,18.7
"204","21-67-268-1-039T","D11","09","6",400.512673889695,30
"205","21-67-268-1-043T","D11","61","6",301.662122821512,34.6
"206","21-67-268-1-053T","D11","62","6",344.657035084779,24.5
"207","21-67-269-1-032T","D11","09","5",88.8451691300726,19.9
"208","21-67-269-1-034T","D11","52","4",97.217584444786,32.5
"209","21-67-269-1-044T","D11","61","5",574.462056177156,27.8
"210","21-67-269-1-046T","D11","61","5",587.491904409762,38.2
"211","21-67-269-1-048T","D11","64","6",268.82379110748,34.7
"212","21-67-269-1-050T","D11","64","5",310.5655822084,27.7
"213","21-67-270-1-033T","D11","52","5",193.01312333042,17
"214","21-67-270-1-045T","D11","09","5",318.101273449585,29
"215","21-67-270-1-049T","D11","31","5",147.694866341477,18.1
"216","21-67-270-1-053T","D11","62","6",479.412705599135,31.9
"217","21-67-271-1-028T","D11","09","6",235.942854283922,24.2
"218","21-67-271-1-030T","D11","62","6",590.033438619782,30.6
"219","21-67-271-1-032T","D11","03","5",433.483486895504,33.8
"220","21-67-271-1-044T","D11","03","4",116.137636999952,34.5
"221","21-67-271-1-048T","D11","09","4",40.5551328931084,21.2
"222","21-67-271-1-050T","D11","62","4",151.774623536479,16.7
"223","21-67-271-1-052T","D11","62","4",507.564806185795,45.2
"224","21-67-271-1-054T","D11","09","5",379.028495664777,38.6
"225","21-67-272-1-027T","D11","52","6",413.874734872553,25.3
"226","21-67-272-1-029T","D11","09","4",511.391300813064,43
"227","21-67-272-1-047T","D11","62","6",537.381784108444,31.5
"228","21-67-272-1-049T","D11","09","5",552.166393978591,33.3
"229","21-67-272-1-051T","D11","09","4",302.618277215629,22.9
"230","21-67-273-1-028T","D11","03","6",248.312699486186,32.9
"231","21-67-273-1-048T","D11","61","4",307.434889866869,33.7
"232","21-67-273-1-050T","D11","09","6",674.948652251551,32.9
"233","21-67-273-1-052T","D11","64","6",393.702404091081,30.4
"234","21-67-274-1-049T","D11","17","4",32.8025929786844,12.1
"235","21-67-275-1-026T","D11","13","5",325.971767261935,35.9
"236","21-67-275-1-052T","D11","24","4",94.5620671661895,18.8
"237","21-67-276-1-027T","D11","12","5",294.874365386507,28.4
"238","21-67-276-1-055T","D11","03","5",175.56183584729,21.2
"239","21-68-270-1-069T","D11","09","6",633.473402734172,30.1
"240","21-68-271-1-056T","D11","64","6",360.097982586421,24.8
"241","21-68-271-1-062T","D11","62","4",140.481568226004,27.8
"242","21-68-271-1-068T","D11","09","5",100.519556217977,10.9
"243","21-68-271-1-070T","D11","61","4",45.830882555688,19.2
"244","21-68-271-1-072T","D11","62","6",366.672413027115,26.3
"245","21-68-271-1-074T","D11","61","5",477.602310369019,27.9
"246","21-68-272-1-055T","D11","62","6",426.544697427059,28.3
"247","21-68-272-1-059T","D11","61","6",307.703110751803,27.1
"248","21-68-272-1-065T","D11","61","6",260.801737007749,33.9
"249","21-68-272-1-073T","D11","61","6",484.502235872758,29.6
"250","21-68-272-1-075T","D11","09","5",171.90149875728,31.5
"251","21-68-273-1-068T","D11","09","5",257.173644195602,21.8
"252","21-68-273-1-070T","D11","09","4",205.180769329852,31.3
"253","21-68-273-1-072T","D11","09","5",474.606032645142,31.4
"254","21-68-273-1-074T","D11","61","6",514.728202331795,34.9
"255","21-68-274-1-057T","D11","62","4",405.889474648713,26
"256","21-68-274-1-061T","D11","52","6",301.641888654477,24.3
"257","21-68-274-1-065T","D11","61","5",586.29759320822,32.3
"258","21-68-274-1-069T","D11","61","5",428.502918930738,38.5
"259","21-68-274-1-073T","D11","61","4",206.39930969134,32.1
"260","21-68-275-1-062T","D11","61","5",179.645308629589,22.7
"261","21-68-275-1-066T","D11","09","5",336.898883751598,32
"262","21-68-275-1-068T","D11","64","6",182.353591944496,23.9
"263","21-68-276-1-063T","D11","52","5",273.12725482493,20.1
"264","21-68-276-1-069T","D11","61","4",46.1068195581348,21.8
"265","21-68-276-1-071T","D11","03","5",47.0892038932201,20.5
"266","21-70-263-1-074T","D11","62","6",111.208658736004,30
"267","21-70-264-1-075T","D11","62","4",39.7480697198824,17.8
"268","21-70-265-1-074T","D11","61","4",284.797483108899,26.3
"269","21-70-265-1-076T","D11","03","6",363.795395864473,25.2
"270","21-70-265-1-078T","D11","61","6",286.745832493223,25.9
"271","21-70-266-1-077T","D11","03","5",467.219394755557,23.1
"272","21-70-267-1-074T","D11","03","5",230.753483561772,18.4
"273","21-70-267-1-076T","D11","61","4",384.235793192277,26.3
"274","21-70-268-1-075T","D11","09","5",445.803055733407,33.4
"275","21-70-268-1-077T","D11","09","5",244.508571941104,26.4
"276","21-70-269-1-076T","D11","09","6",607.581274609761,30.4
"277","21-88-260-1-071T","D11","09","5",418.747072875323,23.5
"278","21-88-261-1-056T","D11","52","4",171.332931830618,24.9
"279","21-88-261-1-058T","D11","52","4",165.971406855732,29.3
"280","21-88-261-1-060T","D11","09","5",110.938037858862,18.1
"281","21-88-261-1-070T","D11","62","4",8.04345384486647,10.7
"282","21-88-261-1-072T","D11","61","6",581.040484274037,23.5
"283","21-88-261-1-074T","D11","61","4",454.206007436944,37
"284","21-88-262-1-057T","D11","62","5",338.590755564334,27.5
"285","21-88-262-1-061T","D11","09","4",171.803413046875,32.2
"286","21-88-262-1-069T","D11","61","4",239.754486217202,15.1
"287","21-88-263-1-056T","D11","61","6",483.122908729866,31.5
"288","21-88-263-1-058T","D11","12","5",53.9430699254438,16.5
"289","21-88-263-1-060T","D11","64","6",509.502279161302,31.3
"290","21-88-263-1-064T","D11","09","4",119.185635075116,19.6
"291","21-88-263-1-066T","D11","23","4",6.51629976031963,8.6
"292","21-88-263-1-068T","D11","09","4",100.851540266198,26.5
"293","21-88-263-1-072T","D11","62","4",20.3670713508268,12.8
"294","21-88-264-1-053T","D11","52","4",107.96216987123,14.7
"295","21-88-264-1-055T","D11","61","5",269.662529913734,28
"296","21-88-264-1-057T","D11","02","4",113.193206614874,24
"297","21-88-264-1-059T","D11","61","5",445.961736218254,35.4
"298","21-88-264-1-065T","D11","24","5",164.776324051566,20.6
"299","21-88-264-1-067T","D11","61","4",31.974803804424,9.5
"300","21-88-264-1-071T","D11","13","5",718.422759794131,27.2
"301","21-88-265-1-052T","D11","62","6",407.744415194279,20.9
"302","21-88-265-1-054T","D11","52","4",121.897876535396,12.4
"303","21-88-265-1-056T","D11","61","6",376.299986445647,23.5
"304","21-88-265-1-058T","D11","61","6",398.454316824689,23.2
"305","21-88-265-1-064T","D11","15","5",46.4571142796072,23.4
"306","21-88-265-1-066T","D11","61","4",1068.52565217091,35.2
"307","21-88-265-1-070T","D11","62","4",144.875495807212,20.8
"308","21-88-266-1-053T","D11","61","5",536.290169892151,33.1
"309","21-88-266-1-057T","D11","61","5",548.808105698216,44.3
"310","21-88-266-1-061T","D11","64","6",122.083348099742,24.2
"311","21-88-266-1-065T","D11","62","6",187.668740842756,20.6
"312","21-88-266-1-069T","D11","62","4",199.1941729753,19.8
"313","21-88-267-1-052T","D11","62","4",139.084256114429,17
"314","21-88-267-1-054T","D11","09","2",135.590184585559,26.1
"315","21-88-267-1-058T","D11","12","4",39.9784773667107,12.8
"316","21-88-267-1-062T","D11","09","5",228.63304854216,25.5
"317","21-88-267-1-064T","D11","61","4",209.569611446811,40.3
"318","21-88-267-1-066T","D11","62","6",457.369641159243,36.9
"319","21-88-267-1-068T","D11","09","4",95.2393903448543,16.6
"320","21-88-267-1-072T","D11","61","5",240.739659978281,17.9
"321","21-88-268-1-055T","D11","62","6",647.562510754672,33
"322","21-88-268-1-059T","D11","12","5",14.9733920083958,15.4
"323","21-88-268-1-063T","D11","61","4",220.254073295975,32.7
"324","21-88-268-1-067T","D11","61","4",307.91249003153,31.5
"325","21-88-268-1-071T","D11","62","4",378.085476036378,32.4
"326","21-88-269-1-058T","D11","61","4",383.180513332477,25
"327","21-88-269-1-062T","D11","61","6",449.344354749604,37.7
"328","21-88-269-1-064T","D11","62","5",217.529030529139,19.9
"329","21-88-269-1-066T","D11","09","5",141.510062889061,19.1
"330","21-88-269-1-072T","D11","02","4",45.8872822410001,18.2
"331","21-88-269-1-074T","D11","61","5",323.037400680717,33.4
"332","21-88-270-1-057T","D11","62","6",319.914890967799,21.7
"333","21-88-270-1-061T","D11","62","4",82.1958998977517,16.2
"334","21-88-270-1-065T","D11","15","4",436.875758670901,30.3
"335","21-88-270-1-073T","D11","61","6",753.590463780699,31.5
"336","21-90-270-1-077T","D11","03","5",188.578933019578,26.3
"337","21-90-271-1-076T","D11","61","4",139.360230310416,20.1
"338","21-90-273-1-076T","D11","03","5",228.882236027423,26.7
"339","22-54-260-1-054T","D11","09","5",181.986474151269,24.5
"340","22-54-262-1-054T","D11","09","6",190.432401173823,27.2
"341","22-54-263-1-051T","D11","62","6",411.318704036814,30.2
"342","22-54-264-1-050T","D11","62","6",69.5817928847386,12.7
"343","22-54-265-1-049T","D11","61","4",172.345625186926,19.2
"344","22-54-265-1-051T","D11","61","6",342.918935846005,32.6
"345","22-57-265-1-033T","D11","62","4",96.3937178654215,33
"346","22-57-266-1-044T","D11","13","5",186.516172952525,30
"347","22-57-266-1-046T","D11","52","4",164.268905259651,12.5
"348","22-57-266-1-048T","D11","61","5",358.454134190687,35.6
"349","22-57-267-1-027T","D11","03","6",333.494330853669,34.2
"350","22-57-267-1-047T","D11","62","4",36.6723942524645,22.7
"351","22-57-268-1-030T","D11","52","6",135.008343243444,24.7
"352","22-57-268-1-046T","D11","12","4",74.4183235582197,30.8
"353","22-57-269-1-027T","D11","09","5",253.689029073955,27.8
"354","22-57-269-1-029T","D11","03","6",440.325225751229,35.4
"355","22-57-269-1-031T","D11","09","6",384.750441354336,35.3
"356","22-57-269-1-045T","D11","62","6",212.436955169142,23.3
"357","22-57-270-1-028T","D11","52","6",80.4781908633074,14.2
"358","22-57-270-1-030T","D11","52","6",72.7390239072563,29
"359","22-57-271-1-029T","D11","03","6",300.538320888343,32.7
"360","22-57-271-1-031T","D11","03","5",294.02147559899,36.5
"361","22-67-267-1-033T","D11","09","6",277.106090842037,34.5
"362","22-67-268-1-034T","D11","52","6",375.549571107008,32.8
"363","22-67-268-1-038T","D11","09","6",371.703957108827,30.2
"364","22-67-268-1-042T","D11","09","5",396.53011363619,27.6
"365","22-67-268-1-050T","D11","61","5",313.863797229543,30.5
"366","22-67-269-1-033T","D11","62","5",397.447501336244,35
"367","22-67-269-1-035T","D11","10","5",200.308633922231,25.6
"368","22-67-269-1-037T","D11","09","6",430.629476275317,32.3
"369","22-67-269-1-041T","D11","52","5",264.800485473329,29.5
"370","22-67-269-1-043T","D11","61","6",165.363460546518,29
"371","22-67-269-1-047T","D11","62","6",467.522131349683,28.2
"372","22-67-269-1-051T","D11","61","6",271.513871603295,28.2
"373","22-67-270-1-032T","D11","09","6",340.847086737101,32.5
"374","22-67-270-1-046T","D11","03","5",210.117813584672,20.9
"375","22-67-270-1-048T","D11","64","6",437.551682196217,39.5
"376","22-67-270-1-050T","D11","03","6",232.229111824244,19.6
"377","22-67-270-1-054T","D11","62","6",432.01478706473,22.6
"378","22-67-271-1-047T","D11","09","6",109.890735899719,21.5
"379","22-67-271-1-049T","D11","62","5",144.213034137998,21.3
"380","22-67-271-1-051T","D11","61","6",348.285117548298,33.2
"381","22-67-271-1-053T","D11","62","6",769.425039818139,30.5
"382","22-67-272-1-030T","D11","09","6",149.621534544245,23.5
"383","22-67-272-1-050T","D11","09","6",315.333816050708,19.2
"384","22-67-272-1-054T","D11","03","6",407.374882334038,24.2
"385","22-67-273-1-027T","D11","09","5",363.217567902419,41.7
"386","22-67-273-1-049T","D11","62","6",462.212466439347,27.3
"387","22-67-273-1-051T","D11","09","6",623.812836126517,42.3
"388","22-67-273-1-053T","D11","03","5",169.431535166804,23.1
"389","22-67-274-1-050T","D11","61","4",542.539009365334,38.4
"390","22-67-274-1-052T","D11","62","6",584.789395874279,48.4
"391","22-67-275-1-051T","D11","61","6",398.776966705728,30.5
"392","22-67-275-1-053T","D11","14","5",123.002332641356,12.9
"393","22-67-275-1-055T","D11","62","5",344.105228366732,31.5
"394","22-67-276-1-026T","D11","09","4",85.7243544837603,37.5
"395","22-67-277-1-027T","D11","13","5",28.2983746106051,17
"396","22-68-271-1-067T","D11","15","6",222.567942591772,25.8
"397","22-68-271-1-071T","D11","09","5",367.05823483875,34.8
"398","22-68-272-1-066T","D11","64","6",517.236685096652,31.8
"399","22-68-272-1-074T","D11","09","4",79.0083194582414,24.9
"400","22-68-273-1-057T","D11","61","5",272.63505684246,24.3
"401","22-68-273-1-059T","D11","62","4",67.5899652805693,13.2
"402","22-68-273-1-063T","D11","62","5",323.933574190675,26.2
"403","22-68-273-1-065T","D11","10","5",743.176969313324,30
"404","22-68-273-1-067T","D11","62","6",328.541546546301,27.5
"405","22-68-273-1-069T","D11","09","4",181.015289266853,25.6
"406","22-68-273-1-073T","D11","62","6",38.3681094821827,16.4
"407","22-68-273-1-075T","D11","61","5",604.807207585556,29.7
"408","22-68-274-1-056T","D11","03","5",264.621454569837,22.8
"409","22-68-274-1-060T","D11","03","6",283.173607229202,28
"410","22-68-274-1-062T","D11","03","4",18.8743048297029,12.4
"411","22-68-274-1-070T","D11","62","6",552.234870701687,30.6
"412","22-68-274-1-072T","D11","64","6",529.160614324906,31.6
"413","22-68-275-1-059T","D11","10","4",82.0959850348429,27.4
"414","22-68-275-1-063T","D11","03","4",165.3228413676,17.5
"415","22-68-275-1-065T","D11","03","4",88.7437910772586,25.3
"416","22-68-275-1-067T","D11","61","5",281.549864530369,32.7
"417","22-68-275-1-069T","D11","09","6",182.071824159428,17.7
"418","22-68-275-1-073T","D11","61","6",442.718521571515,27.1
"419","22-68-276-1-070T","D11","61","5",565.820320038942,35.1
"420","22-70-262-1-076T","D11","09","5",303.758872065962,31.7
"421","22-70-263-1-073T","D11","62",NA,39.7743612947048,19.5
"422","22-70-265-1-077T","D11","61","5",505.518446290818,29.1
"423","22-70-266-1-074T","D11","12","5",252.824615141783,25.4
"424","22-70-266-1-076T","D11","12","4",151.996846196939,22.2
"425","22-70-266-1-078T","D11","02","5",204.022227217814,25.4
"426","22-70-267-1-075T","D11","23","5",58.9487943910027,19.6
"427","22-70-267-1-077T","D11","61","6",406.512580739103,23.5
"428","22-70-269-1-075T","D11","61","5",583.909910068926,32.5
"429","22-70-269-1-077T","D11","61","4",188.079431315203,23.1
"430","22-88-260-1-070T","D11","03","5",316.598285622009,33.4
"431","22-88-261-1-059T","D11","12","4",62.505567222398,18.5
"432","22-88-261-1-073T","D11","61","6",370.992386810263,25.8
"433","22-88-262-1-056T","D11","61","5",389.693915352859,31.7
"434","22-88-262-1-058T","D11","12","4",97.5097959734186,17.6
"435","22-88-262-1-060T","D11","12","5",89.1139506387918,16.2
"436","22-88-262-1-072T","D11","61","5",451.260749568667,35.7
"437","22-88-262-1-074T","D11","62","6",172.660515412541,25.7
"438","22-88-263-1-059T","D11","12","5",172.000747266115,22.4
"439","22-88-263-1-061T","D11","61","6",359.528309561032,21.9
"440","22-88-263-1-067T","D11","03",NA,111.859315910594,25.6
"441","22-88-263-1-069T","D11","61","6",300.538435028924,22.9
"442","22-88-264-1-054T","D11","09","5",218.348702516626,31.1
"443","22-88-264-1-062T","D11","52","4",31.1398040959815,11.2
"444","22-88-264-1-070T","D11","03","5",239.33096831028,25.5
"445","22-88-265-1-053T","D11","61","5",426.226311624255,27
"446","22-88-265-1-055T","D11","61","5",209.719058039564,19.3
"447","22-88-265-1-057T","D11","62","4",408.213137121041,22.1
"448","22-88-265-1-059T","D11","61","4",113.531995380399,26.7
"449","22-88-265-1-061T","D11","61","4",787.571118243117,37.5
"450","22-88-265-1-065T","D11","09","4",244.565469278951,26.4
"451","22-88-265-1-069T","D11","61","4",218.180409452194,27.8
"452","22-88-265-1-071T","D11","62","5",733.393337862606,36.7
"453","22-88-266-1-052T","D11","62","4",36.0613744135271,11.4
"454","22-88-266-1-054T","D11","11","4",111.532976889938,25.1
"455","22-88-266-1-068T","D11","09","5",363.671524524223,26.5
"456","22-88-266-1-072T","D11","09","5",305.957729395868,28.2
"457","22-88-267-1-051T","D11","61","5",461.193614348746,31.1
"458","22-88-267-1-055T","D11","02","5",353.968441979025,24.5
"459","22-88-267-1-057T","D11","61","5",511.883605328265,30.3
"460","22-88-267-1-059T","D11","61","6",584.617608414032,35.8
"461","22-88-267-1-061T","D11","62","5",233.668734704636,28.2
"462","22-88-267-1-065T","D11","62","5",345.075811938376,24.6
"463","22-88-267-1-067T","D11","62","6",655.548156092886,36.9
"464","22-88-267-1-069T","D11","15","4",184.005929948841,23.1
"465","22-88-267-1-071T","D11","62","5",618.397427741239,34.9
"466","22-88-268-1-054T","D11","13","4",120.36866474179,18.1
"467","22-88-268-1-070T","D11","11","4",156.085461463103,26.5
"468","22-88-268-1-074T","D11","09","4",131.45483458903,23.2
"469","22-88-269-1-063T","D11","61","6",278.616973535164,34.4
"470","22-88-269-1-069T","D11","61","6",544.423660855654,31.2
"471","22-88-269-1-071T","D11","09","2",28.0072892697195,12.3
"472","22-88-269-1-073T","D11","31","4",157.368617530824,20.1
"473","22-88-270-1-060T","D11","61","4",202.282924029606,16.8
"474","22-88-270-1-062T","D11","62","5",434.696565787095,24.3
"475","22-88-270-1-064T","D11","61","6",701.491411237186,24.3
"476","22-88-270-1-066T","D11","61","5",403.672587274337,28.6
"477","22-88-270-1-068T","D11","09","5",261.984705510798,24.2
"478","22-88-270-1-070T","D11","62","6",421.659226665752,30.3
"479","22-88-270-1-074T","D11","09","5",279.286037321848,26.3
"480","22-88-271-1-057T","D11","62","6",453.31320332752,28.6
"481","22-88-271-1-059T","D11","62","6",373.66043749763,21
"482","22-88-271-1-063T","D11","62","6",403.400859754219,22.8
"483","22-88-271-1-073T","D11","09","5",145.679599189366,25.6
"484","22-90-270-1-076T","D11","61","4",361.815689292023,30.1
"485","22-90-274-1-076T","D11","03","5",171.032625568148,26.5
