"dir","type_point","npp","nph","nom"
"DIRCE","nouveau","21-01-268-1-134R","212681134","Haut-Jura"
"DIRCE","nouveau","21-26-273-1-181R","212731181","Vercors"
"DIRCE","nouveau","21-38-278-1-179R","212781179","Vercors"
"DIRCE","nouveau","21-63-233-1-175R","212331175","Livradois-Forez"
"DIRCE","nouveau","26-01-266-1-137T","262661137","Haut-Jura"
"DIRCE","nouveau","26-01-267-1-134T","262671134","Haut-Jura"
"DIRCE","nouveau","26-01-267-1-136T","262671136","Haut-Jura"
"DIRCE","nouveau","26-01-268-1-133T","262681133","Haut-Jura"
"DIRCE","nouveau","26-01-268-1-135T","262681135","Haut-Jura"
"DIRCE","nouveau","26-01-268-1-137T","262681137","Haut-Jura"
"DIRCE","nouveau","26-01-269-1-132T","262691132","Haut-Jura"
"DIRCE","nouveau","26-01-269-1-134T","262691134","Haut-Jura"
"DIRCE","nouveau","26-01-269-1-136T","262691136","Haut-Jura"
"DIRCE","nouveau","26-01-269-1-138T","262691138","Haut-Jura"
"DIRCE","nouveau","26-01-270-1-129T","262701129","Haut-Jura"
"DIRCE","nouveau","26-01-270-1-133T","262701133","Haut-Jura"
"DIRCE","nouveau","26-01-270-1-137T","262701137","Haut-Jura"
"DIRCE","nouveau","26-01-271-1-128T","262711128","Haut-Jura"
"DIRCE","nouveau","26-01-271-1-136T","262711136","Haut-Jura"
"DIRCE","nouveau","26-01-272-1-129T","262721129","Haut-Jura"
"DIRCE","nouveau","26-07-245-1-196T","262451196","Monts d'Ardèche"
"DIRCE","nouveau","26-07-246-1-197T","262461197","Monts d'Ardèche"
"DIRCE","nouveau","26-07-246-1-199T","262461199","Monts d'Ardèche"
"DIRCE","nouveau","26-07-246-1-201T","262461201","Monts d'Ardèche"
"DIRCE","nouveau","26-07-246-1-203T","262461203","Monts d'Ardèche"
"DIRCE","nouveau","26-07-246-1-205T","262461205","Monts d'Ardèche"
"DIRCE","nouveau","26-07-247-1-188T","262471188","Monts d'Ardèche"
"DIRCE","nouveau","26-07-247-1-190T","262471190","Monts d'Ardèche"
"DIRCE","nouveau","26-07-247-1-192T","262471192","Monts d'Ardèche"
"DIRCE","nouveau","26-07-247-1-194T","262471194","Monts d'Ardèche"
"DIRCE","nouveau","26-07-247-1-198T","262471198","Monts d'Ardèche"
"DIRCE","nouveau","26-07-248-1-189T","262481189","Monts d'Ardèche"
"DIRCE","nouveau","26-07-248-1-193T","262481193","Monts d'Ardèche"
"DIRCE","nouveau","26-07-248-1-197T","262481197","Monts d'Ardèche"
"DIRCE","nouveau","26-07-248-1-203T","262481203","Monts d'Ardèche"
"DIRCE","nouveau","26-07-248-1-205T","262481205","Monts d'Ardèche"
"DIRCE","nouveau","26-07-249-1-188T","262491188","Monts d'Ardèche"
"DIRCE","nouveau","26-07-250-1-189T","262501189","Monts d'Ardèche"
"DIRCE","nouveau","26-07-250-1-191T","262501191","Monts d'Ardèche"
"DIRCE","nouveau","26-07-250-1-193T","262501193","Monts d'Ardèche"
"DIRCE","nouveau","26-07-250-1-197T","262501197","Monts d'Ardèche"
"DIRCE","nouveau","26-07-250-1-201T","262501201","Monts d'Ardèche"
"DIRCE","nouveau","26-07-250-1-203T","262501203","Monts d'Ardèche"
"DIRCE","nouveau","26-07-250-1-205T","262501205","Monts d'Ardèche"
"DIRCE","nouveau","26-07-251-1-186T","262511186","Monts d'Ardèche"
"DIRCE","nouveau","26-07-251-1-188T","262511188","Monts d'Ardèche"
"DIRCE","nouveau","26-07-252-1-189T","262521189","Monts d'Ardèche"
"DIRCE","nouveau","26-07-252-1-191T","262521191","Monts d'Ardèche"
"DIRCE","nouveau","26-07-252-1-193T","262521193","Monts d'Ardèche"
"DIRCE","nouveau","26-07-252-1-195T","262521195","Monts d'Ardèche"
"DIRCE","nouveau","26-07-252-1-199T","262521199","Monts d'Ardèche"
"DIRCE","nouveau","26-07-252-1-201T","262521201","Monts d'Ardèche"
"DIRCE","nouveau","26-07-252-1-203T","262521203","Monts d'Ardèche"
"DIRCE","nouveau","26-07-253-1-186T","262531186","Monts d'Ardèche"
"DIRCE","nouveau","26-07-253-1-188T","262531188","Monts d'Ardèche"
"DIRCE","nouveau","26-07-254-1-187T","262541187","Monts d'Ardèche"
"DIRCE","nouveau","26-07-254-1-189T","262541189","Monts d'Ardèche"
"DIRCE","nouveau","26-07-254-1-191T","262541191","Monts d'Ardèche"
"DIRCE","nouveau","26-07-254-1-193T","262541193","Monts d'Ardèche"
"DIRCE","nouveau","26-07-254-1-195T","262541195","Monts d'Ardèche"
"DIRCE","nouveau","26-07-254-1-197T","262541197","Monts d'Ardèche"
"DIRCE","nouveau","26-07-254-1-199T","262541199","Monts d'Ardèche"
"DIRCE","nouveau","26-07-256-1-195T","262561195","Monts d'Ardèche"
"DIRCE","nouveau","26-07-257-1-192T","262571192","Monts d'Ardèche"
"DIRCE","nouveau","26-07-258-1-193T","262581193","Monts d'Ardèche"
"DIRCE","nouveau","26-12-216-1-207T","262161207","Aubrac"
"DIRCE","nouveau","26-15-200-1-189T","262001189","Volcans d'Auvergne"
"DIRCE","nouveau","26-15-201-1-190T","262011190","Volcans d'Auvergne"
"DIRCE","nouveau","26-15-202-1-199T","262021199","Volcans d'Auvergne"
"DIRCE","nouveau","26-15-203-1-190T","262031190","Volcans d'Auvergne"
"DIRCE","nouveau","26-15-204-1-191T","262041191","Volcans d'Auvergne"
"DIRCE","nouveau","26-15-204-1-197T","262041197","Volcans d'Auvergne"
"DIRCE","nouveau","26-15-204-1-199T","262041199","Volcans d'Auvergne"
"DIRCE","nouveau","26-15-205-1-190T","262051190","Volcans d'Auvergne"
"DIRCE","nouveau","26-15-205-1-192T","262051192","Volcans d'Auvergne"
"DIRCE","nouveau","26-15-205-1-200T","262051200","Volcans d'Auvergne"
"DIRCE","nouveau","26-15-205-1-202T","262051202","Volcans d'Auvergne"
"DIRCE","nouveau","26-15-206-1-201T","262061201","Volcans d'Auvergne"
"DIRCE","nouveau","26-15-207-1-198T","262071198","Volcans d'Auvergne"
"DIRCE","nouveau","26-15-207-1-202T","262071202","Volcans d'Auvergne"
"DIRCE","nouveau","26-15-208-1-191T","262081191","Volcans d'Auvergne"
"DIRCE","nouveau","26-15-208-1-197T","262081197","Volcans d'Auvergne"
"DIRCE","nouveau","26-15-209-1-202T","262091202","Volcans d'Auvergne"
"DIRCE","nouveau","26-15-209-1-204T","262091204","Volcans d'Auvergne"
"DIRCE","nouveau","26-15-210-1-197T","262101197","Volcans d'Auvergne"
"DIRCE","nouveau","26-15-210-1-203T","262101203","Volcans d'Auvergne"
"DIRCE","nouveau","26-15-211-1-198T","262111198","Volcans d'Auvergne"
"DIRCE","nouveau","26-15-211-1-200T","262111200","Volcans d'Auvergne"
"DIRCE","nouveau","26-15-212-1-193T","262121193","Volcans d'Auvergne"
"DIRCE","nouveau","26-15-212-1-195T","262121195","Volcans d'Auvergne"
"DIRCE","nouveau","26-15-212-1-201T","262121201","Volcans d'Auvergne"
"DIRCE","nouveau","26-15-213-1-192T","262131192","Volcans d'Auvergne"
"DIRCE","nouveau","26-15-213-1-196T","262131196","Volcans d'Auvergne"
"DIRCE","nouveau","26-15-213-1-200T","262131200","Volcans d'Auvergne"
"DIRCE","nouveau","26-15-214-1-201T","262141201","Volcans d'Auvergne"
"DIRCE","nouveau","26-15-215-1-188T","262151188","Volcans d'Auvergne"
"DIRCE","nouveau","26-15-215-1-190T","262151190","Volcans d'Auvergne"
"DIRCE","nouveau","26-15-215-1-194T","262151194","Volcans d'Auvergne"
"DIRCE","nouveau","26-15-216-1-189T","262161189","Volcans d'Auvergne"
"DIRCE","nouveau","26-15-216-1-191T","262161191","Volcans d'Auvergne"
"DIRCE","nouveau","26-15-216-1-205T","262161205","Aubrac"
"DIRCE","nouveau","26-15-217-1-204T","262171204","Aubrac"
"DIRCE","nouveau","26-15-218-1-209T","262181209","Aubrac"
"DIRCE","nouveau","26-15-219-1-202T","262191202","Aubrac"
"DIRCE","nouveau","26-15-219-1-206T","262191206","Aubrac"
"DIRCE","nouveau","26-15-220-1-205T","262201205","Aubrac"
"DIRCE","nouveau","26-25-268-1-117T","262681117","Haut-Jura"
"DIRCE","nouveau","26-25-269-1-118T","262691118","Haut-Jura"
"DIRCE","nouveau","26-25-269-1-120T","262691120","Haut-Jura"
"DIRCE","nouveau","26-25-270-1-113T","262701113","Haut-Jura"
"DIRCE","nouveau","26-25-270-1-117T","262701117","Haut-Jura"
"DIRCE","nouveau","26-25-271-1-098T","262711098","Doubs Horloger"
"DIRCE","nouveau","26-25-271-1-116T","262711116","Haut-Jura"
"DIRCE","nouveau","26-25-272-1-095T","262721095","Doubs Horloger"
"DIRCE","nouveau","26-25-272-1-097T","262721097","Doubs Horloger"
"DIRCE","nouveau","26-25-272-1-101T","262721101","Doubs Horloger"
"DIRCE","nouveau","26-25-272-1-115T","262721115","Haut-Jura"
"DIRCE","nouveau","26-25-273-1-094T","262731094","Doubs Horloger"
"DIRCE","nouveau","26-25-273-1-096T","262731096","Doubs Horloger"
"DIRCE","nouveau","26-25-273-1-098T","262731098","Doubs Horloger"
"DIRCE","nouveau","26-25-273-1-104T","262731104","Doubs Horloger"
"DIRCE","nouveau","26-25-274-1-093T","262741093","Doubs Horloger"
"DIRCE","nouveau","26-25-275-1-092T","262751092","Doubs Horloger"
"DIRCE","nouveau","26-25-275-1-094T","262751094","Doubs Horloger"
"DIRCE","nouveau","26-25-276-1-099T","262761099","Doubs Horloger"
"DIRCE","nouveau","26-25-276-1-101T","262761101","Doubs Horloger"
"DIRCE","nouveau","26-25-278-1-089T","262781089","Doubs Horloger"
"DIRCE","nouveau","26-25-279-1-090T","262791090","Doubs Horloger"
"DIRCE","nouveau","26-26-267-1-186T","262671186","Vercors"
"DIRCE","nouveau","26-26-270-1-181T","262701181","Vercors"
"DIRCE","nouveau","26-26-270-1-183T","262701183","Vercors"
"DIRCE","nouveau","26-26-270-1-185T","262701185","Vercors"
"DIRCE","nouveau","26-26-270-1-187T","262701187","Vercors"
"DIRCE","nouveau","26-26-272-1-179T","262721179","Vercors"
"DIRCE","nouveau","26-26-272-1-181T","262721181","Vercors"
"DIRCE","nouveau","26-26-272-1-187T","262721187","Vercors"
"DIRCE","nouveau","26-26-274-1-181T","262741181","Vercors"
"DIRCE","nouveau","26-26-274-1-185T","262741185","Vercors"
"DIRCE","nouveau","26-26-276-1-183T","262761183","Vercors"
"DIRCE","nouveau","26-26-276-1-185T","262761185","Vercors"
"DIRCE","nouveau","26-26-276-1-187T","262761187","Vercors"
"DIRCE","nouveau","26-26-278-1-187T","262781187","Vercors"
"DIRCE","nouveau","26-26-280-1-187T","262801187","Vercors"
"DIRCE","nouveau","26-26-282-1-187T","262821187","Vercors"
"DIRCE","nouveau","26-38-272-1-173T","262721173","Vercors"
"DIRCE","nouveau","26-38-272-1-175T","262721175","Vercors"
"DIRCE","nouveau","26-38-272-1-177T","262721177","Vercors"
"DIRCE","nouveau","26-38-273-1-176T","262731176","Vercors"
"DIRCE","nouveau","26-38-274-1-161T","262741161","Chartreuse"
"DIRCE","nouveau","26-38-274-1-163T","262741163","Chartreuse"
"DIRCE","nouveau","26-38-274-1-165T","262741165","Chartreuse"
"DIRCE","nouveau","26-38-274-1-169T","262741169","Vercors"
"DIRCE","nouveau","26-38-274-1-171T","262741171","Vercors"
"DIRCE","nouveau","26-38-274-1-175T","262741175","Vercors"
"DIRCE","nouveau","26-38-274-1-177T","262741177","Vercors"
"DIRCE","nouveau","26-38-276-1-163T","262761163","Chartreuse"
"DIRCE","nouveau","26-38-276-1-167T","262761167","Chartreuse"
"DIRCE","nouveau","26-38-276-1-177T","262761177","Vercors"
"DIRCE","nouveau","26-38-276-1-179T","262761179","Vercors"
"DIRCE","nouveau","26-38-277-1-162T","262771162","Chartreuse"
"DIRCE","nouveau","26-38-277-1-164T","262771164","Chartreuse"
"DIRCE","nouveau","26-38-277-1-168T","262771168","Chartreuse"
"DIRCE","nouveau","26-38-278-1-163T","262781163","Chartreuse"
"DIRCE","nouveau","26-38-278-1-169T","262781169","Chartreuse"
"DIRCE","nouveau","26-38-278-1-177T","262781177","Vercors"
"DIRCE","nouveau","26-38-278-1-183T","262781183","Vercors"
"DIRCE","nouveau","26-38-278-1-185T","262781185","Vercors"
"DIRCE","nouveau","26-38-280-1-159T","262801159","Chartreuse"
"DIRCE","nouveau","26-38-280-1-163T","262801163","Chartreuse"
"DIRCE","nouveau","26-38-280-1-165T","262801165","Chartreuse"
"DIRCE","nouveau","26-38-280-1-183T","262801183","Vercors"
"DIRCE","nouveau","26-38-281-1-184T","262811184","Vercors"
"DIRCE","nouveau","26-39-262-1-129T","262621129","Haut-Jura"
"DIRCE","nouveau","26-39-262-1-133T","262621133","Haut-Jura"
"DIRCE","nouveau","26-39-263-1-128T","262631128","Haut-Jura"
"DIRCE","nouveau","26-39-263-1-130T","262631130","Haut-Jura"
"DIRCE","nouveau","26-39-263-1-132T","262631132","Haut-Jura"
"DIRCE","nouveau","26-39-264-1-123T","262641123","Haut-Jura"
"DIRCE","nouveau","26-39-264-1-125T","262641125","Haut-Jura"
"DIRCE","nouveau","26-39-264-1-129T","262641129","Haut-Jura"
"DIRCE","nouveau","26-39-264-1-133T","262641133","Haut-Jura"
"DIRCE","nouveau","26-39-265-1-122T","262651122","Haut-Jura"
"DIRCE","nouveau","26-39-265-1-126T","262651126","Haut-Jura"
"DIRCE","nouveau","26-39-265-1-128T","262651128","Haut-Jura"
"DIRCE","nouveau","26-39-265-1-130T","262651130","Haut-Jura"
"DIRCE","nouveau","26-39-265-1-134T","262651134","Haut-Jura"
"DIRCE","nouveau","26-39-266-1-125T","262661125","Haut-Jura"
"DIRCE","nouveau","26-39-266-1-129T","262661129","Haut-Jura"
"DIRCE","nouveau","26-39-266-1-133T","262661133","Haut-Jura"
"DIRCE","nouveau","26-39-267-1-118T","262671118","Haut-Jura"
"DIRCE","nouveau","26-39-267-1-122T","262671122","Haut-Jura"
"DIRCE","nouveau","26-39-267-1-126T","262671126","Haut-Jura"
"DIRCE","nouveau","26-39-267-1-128T","262671128","Haut-Jura"
"DIRCE","nouveau","26-39-267-1-130T","262671130","Haut-Jura"
"DIRCE","nouveau","26-39-267-1-132T","262671132","Haut-Jura"
"DIRCE","nouveau","26-39-268-1-119T","262681119","Haut-Jura"
"DIRCE","nouveau","26-39-268-1-121T","262681121","Haut-Jura"
"DIRCE","nouveau","26-39-268-1-123T","262681123","Haut-Jura"
"DIRCE","nouveau","26-39-268-1-127T","262681127","Haut-Jura"
"DIRCE","nouveau","26-39-268-1-129T","262681129","Haut-Jura"
